"charite_doi","reusing_paper_doi"
"10.1038/s41597-019-0129-z","https://doi.org/10.1038/s41467-023-39916-1"
"10.1038/s41597-019-0129-z","https://doi.org/10.1038/s41467-023-43971-z"
"10.1038/s41597-019-0129-z","https://doi.org/10.1038/s41593-022-01070-0"
"10.1038/s41597-019-0129-z","https://doi.org/10.1073/pnas.1916646117"
"10.1038/s41597-019-0129-z","https://doi.org/10.1038/s41467-024-46382-w"
"10.1038/s41597-019-0129-z","https://doi.org/10.7554/elife.67600"
"10.1038/s41597-019-0129-z","https://doi.org/10.1073/pnas.2117234119"
"10.1038/s41597-019-0129-z","https://doi.org/10.3390/app14031063"
"10.1038/s41597-019-0129-z","https://doi.org/10.1038/s41593-023-01376-7"
"10.1038/s41597-019-0129-z","https://doi.org/10.7554/elife.80627"
"10.1038/s41597-019-0161-z","https://doi.org/10.1038/s41598-021-97600-0"
"10.1038/s41597-019-0161-z","https://doi.org/10.1093/g3journal/jkac315"
"10.1038/s41597-019-0254-8","https://doi.org/10.1016/j.parkreldis.2024.107230"
"10.1038/s41597-019-0254-8","https://doi.org/10.48550/arxiv.2411.15388"
"10.1038/s41597-019-0254-8","https://doi.org/10.1126/sciadv.adr9891"
"10.1038/s41597-019-0254-8","https://doi.org/10.1016/j.nicl.2024.103709"
"10.1038/s41597-019-0254-8","https://doi.org/10.1016/j.jdbs.2024.11.002"
"10.1038/s41597-019-0254-8","https://doi.org/10.1038/s41531-024-00807-x"
"10.1038/s41597-019-0254-8","https://doi.org/10.1162/imag_a_00327"
"10.1038/s41597-019-0254-8","https://doi.org/10.21203/rs.3.rs-3476665/v1"
"10.1038/s41597-019-0254-8","https://doi.org/10.1038/s44220-023-00128-7"
"10.1038/s41597-019-0254-8","https://doi.org/10.3233/jpd-230181"
"10.1038/s41597-019-0254-8","https://doi.org/10.1126/sciadv.abj7892"
"10.1038/s41597-019-0254-8","https://doi.org/10.1073/pnas.2114985119"
"10.1038/s41597-019-0254-8","https://doi.org/10.1002/ana.25975"
"10.1038/s41597-019-0254-8","https://doi.org/10.1038/s41398-021-01307-9"
"10.1038/s41597-019-0254-8","https://doi.org/10.1038/s41467-024-47867-4"
"10.1038/s41597-019-0254-8","https://doi.org/10.1038/s44220-023-00128-7"
"10.1038/s41597-019-0254-8","https://doi.org/10.1093/brain/awaa148"
"10.1038/s41597-019-0254-8","https://doi.org/10.1093/cercor/bhab500"
"10.1038/s41597-019-0254-8","https://doi.org/10.1007/s13311-021-01057-y"
"10.1038/s41597-019-0254-8","https://doi.org/10.3389/fneur.2021.785529"
"10.1038/s41597-019-0254-8","https://doi.org/10.1016/j.neuroimage.2023.119964"
"10.1038/s41597-019-0254-8","https://doi.org/10.1002/ana.26652"
"10.1038/s41597-019-0254-8","https://doi.org/10.1093/cercor/bhab487"
"10.1038/s41597-019-0254-8","https://doi.org/10.1016/j.neuroimage.2022.119421"
"10.1038/s41597-019-0254-8","https://doi.org/10.1038/s41746-024-01253-y"
"10.1038/s41597-019-0254-8","https://doi.org/10.1016/j.brs.2022.08.025"
"10.1038/s41597-019-0254-8","https://doi.org/10.1038/s41593-024-01570-1"
"10.1038/s41597-019-0254-8","https://doi.org/10.1038/s41467-024-47552-6"
"10.1038/s41597-019-0254-9","https://doi.org/10.1038/s41591-024-03125-0"
"10.1038/s41597-019-0254-10","https://doi.org/10.1038/s41467-024-47867-4"
"10.1038/s41597-019-0254-11","https://doi.org/10.1016/j.media.2023.103041"
"10.1038/s41597-019-0254-12","https://doi.org/10.1038/s41746-024-01253-y"
"10.1038/s41597-019-0254-13","https://doi.org/10.1016/j.neurot.2024.e00374"
"10.1038/s41597-019-0254-14","https://doi.org/10.1093/brain/awae173"
"10.1038/s41597-019-0254-15","https://doi.org/10.1093/braincomms/fcae161"
"10.1038/s41597-020-00597-w","https://doi.org/10.1121/10.0017356"
"10.1038/s41597-020-00597-w","https://doi.org/10.21437/interspeech.2024-2087"
"10.1038/s41597-020-00597-w","https://doi.org/10.22028/d291-41147"
"10.1038/s41597-020-00597-w","https://doi.org/10.21437/interspeech.2024-1749"
"10.1038/s41597-020-0495-6","https://doi.org/10.48550/arxiv.2502.19668"
"10.1038/s41597-020-0495-6","https://doi.org/10.1007/s11760-025-03893-3"
"10.1038/s41597-020-0495-6","https://doi.org/10.3390/s25051400"
"10.1038/s41597-020-0495-6","https://doi.org/10.1016/j.knosys.2025.113173"
"10.1038/s41597-020-0495-6","https://doi.org/10.1038/s41598-025-90084-2"
"10.1038/s41597-020-0495-6","https://doi.org/10.1101/2025.02.14.638219"
"10.1038/s41597-020-0495-6","https://proceedings.mlr.press/v259/bergamaschi25a.html"
"10.1038/s41597-020-0495-6","https://doi.org/10.3390/s25041220"
"10.1038/s41597-020-0495-6","https://doi.org/10.1016/j.eswa.2025.126901"
"10.1038/s41597-020-0495-6","https://doi.org/10.1038/s41598-024-84270-x"
"10.1038/s41597-020-0495-6","https://doi.org/10.48550/arxiv.2502.09744"
"10.1038/s41597-020-0495-6","https://doi.org/10.48084/etasr.9155"
"10.1038/s41597-020-0495-6","https://doi.org/10.1016/j.compeleceng.2025.110177"
"10.1038/s41597-020-0495-6","https://doi.org/10.1016/j.inffus.2025.102999"
"10.1038/s41597-020-0495-6","https://doi.org/10.48550/arxiv.2502.05494"
"10.1038/s41597-020-0495-6","https://doi.org/10.48550/arxiv.2502.04515"
"10.1038/s41597-020-0495-6","https://doi.org/10.1371/journal.pone.0318070"
"10.1038/s41597-020-0495-6","https://doi.org/10.1016/j.imu.2025.101624"
"10.1038/s41597-020-0495-6","https://doi.org/10.48550/arxiv.2501.18367"
"10.1038/s41597-020-0495-6","https://doi.org/10.48550/arxiv.2501.16215"
"10.1038/s41597-020-0495-6","https://doi.org/10.48550/arxiv.2501.16476"
"10.1038/s41597-020-0495-6","https://doi.org/10.48550/arxiv.2501.15318"
"10.1038/s41597-020-0495-6","https://doi.org/10.48550/arxiv.2501.07555"
"10.1038/s41597-020-0495-6","https://damdid2024.frccsc.ru/files/papers/damdid_2024_paper_66.pdf"
"10.1038/s41597-020-0495-6","https://damdid2024.frccsc.ru/files/papers/damdid_2024_paper_26.pdf"
"10.1038/s41597-020-0495-6","https://doi.org/10.1038/s41598-024-83218-5"
"10.1038/s41597-020-0495-6","https://doi.org/10.1016/j.patcog.2024.111311"
"10.1038/s41597-020-0495-6","https://doi.org/10.22489/cinc.2024.210"
"10.1038/s41597-020-0495-6","https://doi.org/10.22489/cinc.2024.481"
"10.1038/s41597-020-0495-6","https://doi.org/10.26599/tst.2023.9010162"
"10.1038/s41597-020-0495-6","https://doi.org/10.22489/cinc.2024.229"
"10.1038/s41597-020-0495-6","https://doi.org/10.22489/cinc.2024.225"
"10.1038/s41597-020-0495-6","https://www.proquest.com/dissertations-theses/generative-artificial-intelligence-statistical/docview/3143978098/se-2"
"10.1038/s41597-020-0495-6","https://www.cfaed.tu-dresden.de/files/images/people/chair-pd/papers/peax_for_codai_2024-12-19.pdf"
"10.1038/s41597-020-0495-6","https://doi.org/10.1007/s42979-024-03560-3"
"10.1038/s41597-020-0495-6","https://doi.org/10.1007/s10489-024-05881-5"
"10.1038/s41597-020-0495-6","https://doi.org/10.48550/arxiv.2412.14373"
"10.1038/s41597-020-0495-6","https://doi.org/10.48550/arxiv.2402.01801"
"10.1038/s41597-020-0495-6","https://doi.org/10.48550/arxiv.2403.06659"
"10.1038/s41597-020-0495-6","https://doi.org/10.1088/1361-6579/ad4954"
"10.1016/j.dib.2021.107320","https://doi.org/10.1097/j.pain.0000000000003193"
"10.1016/j.dib.2022.108739","https://doi.org/10.1016/j.iswa.2024.200382"
"10.1016/j.dib.2022.108739","https://openaccess.thecvf.com/content/cvpr2024w/dcami/html/redekop_codebook_vq-vae_approach_for_prostate_cancer_diagnosis_using_multiparametric_mri_cvprw_2024_paper.html"
"10.1016/j.dib.2022.108739","https://doi.org/10.1016/j.mri.2024.03.018"
"10.1016/j.dib.2022.108739","https://doi.org/10.48550/arxiv.2404.15320"
"10.1038/s41597-022-01401-7","https://doi.org/10.48550/arxiv.2502.11638"
"10.1038/s41597-022-01401-7","https://doi.org/10.48550/arxiv.2502.12181"
"10.1038/s41597-022-01401-7","https://doi.org/10.1038/s41467-025-56321-y"
"10.1038/s41597-022-01401-7","https://doi.org/10.48550/arxiv.2502.08675"
"10.1038/s41597-022-01401-7","https://doi.org/10.48550/arxiv.2501.15423"
"10.1038/s41597-022-01401-7","https://doi.org/10.1016/j.neuroscience.2025.01.020"
"10.1038/s41597-022-01401-7","https://doi.org/10.1109/access.2024.3522214"
"10.1038/s41597-022-01401-7","https://doi.org/10.48550/arxiv.2412.08081"
"10.1038/s41597-022-01401-7","https://doi.org/10.11239/jsmbe.annual62.400"
"10.1038/s41597-022-01401-7","https://doi.org/10.1007/978-3-031-81101-2_5"
"10.1038/s41597-022-01401-7","https://doi.org/10.1007/978-3-031-73281-2_16"
"10.1038/s41597-022-01401-7","https://doi.org/10.1007/978-3-031-78761-4_11"
"10.1038/s41597-022-01401-7","https://doi.org/10.1002/hbm.26803"
"10.1038/s41597-022-01401-7","https://doi.org/10.48550/arxiv.2406.14826"
"10.1038/s41597-022-01401-7","https://doi.org/10.1016/j.media.2024.103301"
"10.1038/s41597-022-01401-7","https://doi.org/10.48550/arxiv.2406.06017"
"10.1038/s41597-022-01401-7","https://doi.org/10.3389/fnins.2024.1401329"
"10.1038/s41597-022-01401-7","https://doi.org/10.1145/3665026.3665049"
"10.1038/s41597-022-01401-7","https://doi.org/10.1145/3665026.3665045"
"10.1038/s41597-022-01401-7","https://doi.org/10.48550/arxiv.2403.17177"
"10.1038/s41597-022-01401-7","https://doi.org/10.1002/nbm.5143"
"10.1038/s41597-022-01401-7","https://doi.org/10.3390/bioengineering11010086"
"10.1038/s41597-022-01401-7","https://doi.org/10.48550/arxiv.2410.08397"
"10.1038/s41597-022-01806-4","https://doi.org/10.1038/s42003-024-06119-3"
"10.1038/s41597-022-01806-4","https://doi.org/10.48550/arxiv.2401.10304"
"10.1038/s41597-022-01822-4","https://doi.org/10.21203/rs.3.rs-3976380/v1"
