"doi_charite","publication_year_charite","doi_dcc","publication_year_dcc","lag"
"10.1192/bjp.2023.107",2023,"10.1007/s11682-022-00665-2",2022,-1
"10.3389/fimmu.2020.00179",2020,"10.4049/jimmunol.1800683",2018,-2
"10.1038/s41467-021-25728-8",2021,"10.1038/nature24040",2017,-4
"10.1007/s00406-023-01593-y",2023,"10.1016/j.cell.2022.04.008",2022,-1
"10.1007/s00406-023-01593-y",2023,"10.1038/s41588-021-00877-0",2021,-2
"10.1007/s00406-023-01593-y",2023,"10.1371/journal.pgen.1007308",2018,-5
"10.1007/s00406-023-01593-y",2023,"10.1038/s41467-021-21952-4",2021,-2
"10.1007/s00406-023-01593-y",2023,"10.12688/wellcomeopenres.15396.2",2020,-3
"10.1007/s00406-023-01593-y",2023,"10.1016/j.xgen.2022.100134",2022,-1
"10.1007/s00406-023-01593-y",2023,"10.1038/s41598-018-36050-7",2018,-5
"10.1007/s00406-023-01593-y",2023,"10.1093/bioinformatics/btac637",2022,-1
"10.1007/s00406-023-01593-y",2023,"10.1038/s41467-021-23491-4",2021,-2
"10.1093/jnci/djad001",2023,"10.1038/s41467-021-24445-6",2021,-2
"10.1073/pnas.2206324120",2023,"10.1038/modpathol.2012.216",2013,-10
"10.1172/jci158348",2023,"10.1155/2014/594350",2014,-9
"10.1038/s41467-023-39253-3",2023,"10.3389/fcvm.2021.722154",2021,-2
"10.1038/s41467-023-39253-3",2023,"10.1002/jbmr.4287",2020,-3
"10.1038/s41467-023-39253-3",2023,"10.3389/fimmu.2022.1075400",2022,-1
"10.1038/s41596-019-0251-6",2020,"10.1186/s40478-019-0681-y",2019,-1
"10.1038/s41596-019-0251-6",2020,"10.1093/noajnl/vdz015",2019,-1
"10.1016/j.neo.2023.100934",2023,"10.1186/s13073-016-0319-7",2016,-7
"10.1016/j.neo.2023.100934",2023,"10.1038/cddis.2015.250",2015,-8
"10.1016/j.neo.2023.100934",2023,"10.3390/ijms221910817",2021,-2
"10.1016/j.neo.2023.100934",2023,"10.3389/fonc.2022.1003512",2022,-1
"10.1016/j.neo.2023.100934",2023,"10.1038/s41389-020-00246-2",2020,-3
"10.1016/j.neo.2023.100934",2023,"10.3390/ijms21082824",2020,-3
"10.1016/j.neo.2023.100934",2023,"10.1038/s41598-021-86923-7",2021,-2
"10.1016/j.neo.2023.100934",2023,"10.1186/s12943-020-1130-z",2020,-3
"10.1016/j.neo.2023.100934",2023,"10.3892/ol.2019.10934",2019,-4
"10.1016/j.neo.2023.100934",2023,"10.3389/fonc.2022.923508",2022,-1
"10.1016/j.neo.2023.100934",2023,"10.1002/advs.202105469",2022,-1
"10.1016/j.neo.2023.100934",2023,"10.18632/aging.103811",2020,-3
"10.1016/j.neo.2023.100934",2023,"10.2147/ott.s228678",2019,-4
"10.1016/j.neo.2023.100934",2023,"10.1186/s12885-022-10485-8",2022,-1
"10.1016/j.neo.2023.100934",2023,"10.3389/fgene.2022.958092",2022,-1
"10.1016/j.neo.2023.100934",2023,"10.3390/ijms232415994",2022,-1
"10.1016/j.neo.2023.100934",2023,"10.1371/journal.pone.0030269",2012,-11
"10.1016/j.neo.2023.100934",2023,"10.1038/s41416-020-01252-2",2021,-2
"10.1016/j.neo.2023.100934",2023,"10.1186/1476-4598-13-241",2014,-9
"10.1016/j.neo.2023.100934",2023,"10.1186/s13073-016-0281-4",2016,-7
"10.1016/j.neo.2023.100934",2023,"10.3390/medicina57090933",2021,-2
"10.1016/j.neo.2023.100934",2023,"10.1038/bjc.2013.687",2013,-10
"10.1016/j.neo.2023.100934",2023,"10.1186/s13048-015-0176-9",2015,-8
"10.1016/j.neo.2023.100934",2023,"10.1371/journal.pone.0149183",2016,-7
"10.1016/j.neo.2023.100934",2023,"10.1002/2211-5463.12881",2020,-3
"10.1016/j.neo.2023.100934",2023,"10.1111/jcmm.16327",2021,-2
"10.1016/j.neo.2023.100934",2023,"10.1038/s41467-021-20893-2",2021,-2
"10.1016/j.neo.2023.100934",2023,"10.1186/s12967-021-03123-7",2021,-2
"10.1016/j.neo.2023.100934",2023,"10.1038/s41419-019-2050-y",2019,-4
"10.1016/j.neo.2023.100934",2023,"10.1038/s41698-022-00298-0",2022,-1
"10.1016/j.neo.2023.100934",2023,"10.1186/s12935-021-02155-9",2021,-2
"10.1016/j.neo.2023.100934",2023,"10.3389/fcell.2021.794801",2022,-1
"10.1016/j.neo.2023.100934",2023,"10.1038/srep11432",2015,-8
"10.1016/j.neo.2023.100934",2023,"10.1186/s12967-022-03776-y",2022,-1
"10.1016/j.neo.2023.100934",2023,"10.18632/oncotarget.16523",2017,-6
"10.1016/j.neo.2023.100934",2023,"10.3389/fonc.2019.00557",2019,-4
"10.1016/j.neo.2023.100934",2023,"10.1186/1757-2215-7-53",2014,-9
"10.1016/j.neo.2023.100934",2023,"10.1111/jcmm.15601",2020,-3
"10.1016/j.neo.2023.100934",2023,"10.3389/fonc.2016.00213",2016,-7
"10.1016/j.neo.2023.100934",2023,"10.1186/s12859-019-2829-y",2019,-4
"10.1016/j.neo.2023.100934",2023,"10.1155/2022/7745675",2022,-1
"10.1016/j.neo.2023.100934",2023,"10.1186/s13048-019-0575-4",2019,-4
"10.1016/j.neo.2023.100934",2023,"10.1186/s13046-018-0854-8",2018,-5
"10.1016/j.neo.2023.100934",2023,"10.1186/s13059-016-0956-6",2016,-7
"10.1016/j.neo.2023.100934",2023,"10.3390/cancers11030337",2019,-4
"10.1016/j.neo.2023.100934",2023,"10.1038/onc.2014.277",2014,-9
"10.1016/j.neo.2023.100934",2023,"10.3389/fonc.2020.626555",2021,-2
"10.1016/j.neo.2023.100934",2023,"10.1016/j.ebiom.2019.102602",2020,-3
"10.1016/j.neo.2023.100934",2023,"10.1155/2019/3614207",2019,-4
"10.1016/j.neo.2023.100934",2023,"10.3389/fcell.2021.653357",2021,-2
"10.1016/j.neo.2023.100934",2023,"10.2147/cmar.s337873",2021,-2
"10.1016/j.neo.2023.100934",2023,"10.1016/j.ebiom.2018.12.054",2018,-5
"10.1016/j.neo.2023.100934",2023,"10.1371/journal.pone.0167585",2016,-7
"10.1016/j.neo.2023.100934",2023,"10.3389/fgene.2020.00705",2020,-3
"10.1016/j.neo.2023.100934",2023,"10.3389/fgene.2022.823082",2022,-1
"10.1016/j.neo.2023.100934",2023,"10.3389/fbioe.2021.792911",2021,-2
"10.1016/j.neo.2023.100934",2023,"10.3389/fimmu.2022.951582",2022,-1
"10.1016/j.neo.2023.100934",2023,"10.1002/ctm2.633",2021,-2
"10.1016/j.neo.2023.100934",2023,"10.3892/ol.2020.11266",2020,-3
"10.1016/j.neo.2023.100934",2023,"10.3389/fphar.2020.00577",2020,-3
"10.1016/j.neo.2023.100934",2023,"10.1155/2022/6575534",2022,-1
"10.1016/j.neo.2023.100934",2023,"10.1080/21655979.2021.1973220",2021,-2
"10.1016/j.neo.2023.100934",2023,"10.3390/ijms21072327",2020,-3
"10.1016/j.neo.2023.100934",2023,"10.3389/fgene.2021.678747",2021,-2
"10.1016/j.neo.2023.100934",2023,"10.7150/thno.48101",2020,-3
"10.1016/j.neo.2023.100934",2023,"10.15252/embr.202051981",2021,-2
"10.1016/j.isci.2021.102151",2021,"10.1016/j.chom.2020.12.009",2020,-1
"10.1016/j.isci.2021.102151",2021,"10.1016/j.gene.2020.145325",2020,-1
"10.1016/j.isci.2021.102151",2021,"10.1101/2020.06.01.127589",2020,-1
"10.1016/j.isci.2021.102151",2021,"10.1016/j.isci.2020.101526",2020,-1
"10.1016/j.isci.2021.102151",2021,"10.1016/j.stem.2020.10.004",2020,-1
"10.1016/j.isci.2021.102151",2021,"10.1128/msphere.00754-20",2020,-1
"10.1016/j.isci.2021.102151",2021,"10.3390/genes11111354",2020,-1
"10.1016/j.isci.2021.102151",2021,"10.3389/fimmu.2020.590870",2020,-1
"10.1016/j.isci.2021.102151",2021,"10.1093/bib/bbaa334",2020,-1
"10.1038/s41467-021-24007-w",2021,"10.1016/j.chom.2020.12.009",2020,-1
"10.1038/s41467-021-24007-w",2021,"10.1016/j.gene.2020.145325",2020,-1
"10.1038/s41467-021-24007-w",2021,"10.1101/2020.06.01.127589",2020,-1
"10.1038/s41467-021-24007-w",2021,"10.1016/j.isci.2020.101526",2020,-1
"10.1038/s41467-021-24007-w",2021,"10.1016/j.stem.2020.10.004",2020,-1
"10.1038/s41467-021-24007-w",2021,"10.1128/msphere.00754-20",2020,-1
"10.1038/s41467-021-24007-w",2021,"10.3390/genes11111354",2020,-1
"10.1038/s41467-021-24007-w",2021,"10.3389/fimmu.2020.590870",2020,-1
"10.1038/s41467-021-24007-w",2021,"10.1093/bib/bbaa334",2020,-1
"10.1172/jci169225",2023,"10.3390/pharmaceutics14010044",2021,-2
"10.1038/s41467-023-40584-4",2023,"10.1038/s41698-021-00185-0",2021,-2
"10.1038/s41467-023-40584-4",2023,"10.1038/s41392-021-00746-6",2021,-2
"10.1038/s41467-023-40584-4",2023,"10.3389/fcell.2022.879057",2022,-1
"10.1038/s41467-023-40584-4",2023,"10.1038/s41467-018-05348-5",2018,-5
"10.1038/s41467-023-40584-4",2023,"10.1038/bcj.2017.56",2017,-6
"10.1038/s41467-023-40584-4",2023,"10.3389/fonc.2018.00615",2019,-4
"10.1038/s41467-023-40584-4",2023,"10.1038/leu.2016.370",2016,-7
"10.1038/s41467-023-40584-4",2023,"10.18632/oncotarget.4769",2015,-8
"10.1038/s41467-023-40584-4",2023,"10.1038/leu.2017.144",2017,-6
"10.1038/s41467-023-40584-4",2023,"10.1016/j.apsb.2022.01.015",2022,-1
"10.1038/s41467-023-40584-4",2023,"10.1371/journal.pone.0058809",2013,-10
"10.1038/s41467-023-40584-4",2023,"10.1038/s41417-018-0070-x",2019,-4
"10.1038/s41467-023-40584-4",2023,"10.3389/fonc.2021.694331",2021,-2
"10.1038/s41467-023-40584-4",2023,"10.1371/journal.pone.0020226",2011,-12
"10.1038/s41467-023-40584-4",2023,"10.37349/etat.2021.00034",2021,-2
"10.1038/s41467-023-40584-4",2023,"10.1186/s13046-022-02276-7",2022,-1
"10.1038/s41467-023-40584-4",2023,"10.7150/jca.34465",2019,-4
"10.1038/s41467-023-40584-4",2023,"10.1038/leu.2016.258",2016,-7
"10.1038/s41467-023-40584-4",2023,"10.1038/ncomms8213",2015,-8
"10.1038/s41467-023-40584-4",2023,"10.3109/10428194.2014.911863",2014,-9
"10.1038/s41467-023-40584-4",2023,"10.1371/journal.pone.0196780",2018,-5
"10.1038/s41467-023-40584-4",2023,"10.1371/journal.pone.0046331",2012,-11
"10.1038/s41467-023-40584-4",2023,"10.1186/s12943-021-01380-0",2021,-2
"10.1038/s41467-023-40584-4",2023,"10.20517/cdr.2021.83",2021,-2
"10.1038/s41467-023-40584-4",2023,"10.1038/s41419-019-1854-0",2019,-4
"10.1038/s41467-023-40584-4",2023,"10.1038/leu.2013.233",2013,-10
"10.1038/s41467-023-40584-4",2023,"10.12659/msm.908944",2018,-5
"10.1038/s41467-023-40584-4",2023,"10.1089/jir.2020.0111",2020,-3
"10.1038/s41467-023-40584-4",2023,"10.3390/cancers13184668",2021,-2
"10.1038/s41467-023-40584-4",2023,"10.1038/s41417-018-0069-3",2019,-4
"10.1038/s41467-023-40584-4",2023,"10.3389/fcell.2021.675939",2021,-2
"10.1038/s41467-023-40584-4",2023,"10.1182/bloodadvances.2021005772",2022,-1
"10.1038/s41467-023-38044-0",2023,"10.1007/s00401-011-0904-1",2011,-12
"10.1038/s41467-023-38044-0",2023,"10.3389/fbioe.2020.00177",2020,-3
"10.1038/s41467-023-38044-0",2023,"10.1007/s11060-010-0509-x",2010,-13
"10.1038/s41467-023-38044-0",2023,"10.1371/journal.pcbi.1003148",2013,-10
"10.1038/s41467-023-38044-0",2023,"10.18632/oncotarget.26211",2018,-5
"10.1038/s41467-023-38044-0",2023,"10.18632/oncotarget.3083",2014,-9
"10.1038/s41467-023-38044-0",2023,"10.18632/oncotarget.23311",2017,-6
"10.1038/s41598-020-64431-4",2020,"10.1186/s13045-017-0526-8",2017,-3
"10.1038/s41598-020-64431-4",2020,"10.1186/s13059-016-0948-6",2016,-4
"10.1038/s41598-020-64431-4",2020,"10.1111/os.12412",2018,-2
"10.1038/s41598-020-64431-4",2020,"10.7717/peerj.3078",2017,-3
"10.1038/s41598-020-64431-4",2020,"10.1371/journal.pone.0164542",2016,-4
"10.1038/s41598-020-64431-4",2020,"10.3389/fimmu.2019.02612",2019,-1
"10.1038/s41598-020-64431-4",2020,"10.3390/ijms18112396",2017,-3
"10.1038/s41598-020-64431-4",2020,"10.3389/fimmu.2018.03085",2019,-1
"10.1038/s41598-020-64431-4",2020,"10.7150/ijms.35611",2019,-1
"10.1038/s41598-020-64431-4",2020,"10.6026/97320630011207",2015,-5
"10.1038/s41598-020-64431-4",2020,"10.12659/msm.915451",2019,-1
"10.1038/s41598-020-64431-4",2020,"10.7717/peerj.5743",2018,-2
"10.1038/s41598-020-64431-4",2020,"10.18632/oncotarget.7390",2016,-4
"10.1038/s41598-020-64431-4",2020,"10.1371/journal.pone.0167212",2016,-4
"10.1038/s41598-020-64431-4",2020,"10.3390/jcm7120535",2018,-2
"10.1038/s41598-020-64431-4",2020,"10.3390/jcm8010050",2019,-1
"10.1038/s41598-020-64431-4",2020,"10.1186/s12859-016-1065-y",2016,-4
"10.1038/s41598-020-64431-4",2020,"10.1302/2046-3758.74.bjr-2017-0245.r1",2018,-2
"10.1038/s41598-020-64431-4",2020,"10.1371/journal.pone.0161306",2016,-4
"10.1038/s41598-020-64431-4",2020,"10.3892/mmr.2018.9677",2018,-2
"10.1038/s41598-020-64431-4",2020,"10.1186/s13018-018-0734-0",2018,-2
"10.1038/s41598-020-64431-4",2020,"10.1371/journal.pone.0224632",2019,-1
"10.1038/s41598-020-64431-4",2020,"10.3389/fphys.2018.00516",2018,-2
"10.1038/s41598-020-64431-4",2020,"10.7150/ijms.27056",2018,-2
"10.1038/s41598-020-64431-4",2020,"10.1155/2018/9482726",2018,-2
"10.1038/s41598-020-64431-4",2020,"10.1371/journal.pone.0199530",2018,-2
"10.1038/s41598-020-64431-4",2020,"10.3389/fimmu.2017.00074",2017,-3
"10.1038/s41598-020-64431-4",2020,"10.1038/s41598-019-51627-6",2019,-1
"10.1038/s41467-021-21994-8",2021,"10.3389/fimmu.2019.00217",2019,-2
"10.1038/s41467-023-38044-0",2023,"10.3390/ijms232012330",2022,-1
"10.1038/s41467-023-38044-0",2023,"10.3390/ijms22041877",2021,-2
"10.1038/s41467-023-38044-0",2023,"10.1093/neuonc/noaa222.160",2020,-3
"10.1038/s41467-023-38044-0",2023,"10.3390/cancers12071922",2020,-3
"10.1038/s41467-023-38044-0",2023,"10.1186/s40478-021-01135-4",2021,-2
"10.1038/s41467-023-38044-0",2023,"10.1038/s41467-022-34514-z",2022,-1
"10.1038/s41467-023-38044-0",2023,"10.3390/cancers13020330",2021,-2
"10.1007/s00401-020-02250-7",2020,"10.3389/fonc.2019.01173",2019,-1
"10.1007/s00401-020-02250-7",2020,"10.1038/s41467-017-00346-5",2017,-3
"10.1007/s00401-020-02250-7",2020,"10.7554/elife.44161",2019,-1
"10.1136/gutjnl-2020-321016",2020,"10.1038/s41467-018-06498-2",2018,-2
"10.1136/gutjnl-2020-321016",2020,"10.1097/md.0000000000010826",2018,-2
"10.1136/gutjnl-2020-321016",2020,"10.3389/fnins.2019.00937",2019,-1
"10.1038/s41598-023-27792-0",2023,"10.15252/emmm.202114557",2022,-1
"10.1111/cge.13977",2021,"10.1038/sj.bjc.6605330",2009,-12
"10.1111/cge.13977",2021,"10.1186/s13023-017-0736-8",2017,-4
"10.1038/s41598-020-66334-w",2020,"10.1371/journal.pone.0078546",2014,-6
"10.1038/s41598-020-66334-w",2020,"10.1371/journal.pone.0173784",2017,-3
"10.1038/s41598-020-66334-w",2020,"10.1186/2047-217x-3-10",2014,-6
"10.1038/s41598-020-66334-w",2020,"10.1038/s41467-018-04191-y",2018,-2
"10.1038/s41598-020-66334-w",2020,"10.1038/s41467-019-10128-w",2019,-1
"10.1038/s41598-020-66334-w",2020,"10.1038/s41598-019-41362-3",2019,-1
"10.1038/s41598-020-66334-w",2020,"10.1371/journal.pone.0071203",2013,-7
"10.1038/s41598-020-66334-w",2020,"10.1161/jaha.116.004739",2017,-3
"10.1038/s41598-020-66334-w",2020,"10.1038/mp.2015.205",2016,-4
"10.1038/s41598-020-66334-w",2020,"10.3389/fgene.2015.00324",2015,-5
"10.1038/s41598-020-66334-w",2020,"10.1038/s41562-017-0195-1",2017,-3
"10.1038/s41598-020-66334-w",2020,"10.1038/s41467-019-12653-0",2019,-1
"10.1038/s41598-020-66334-w",2020,"10.1038/srep32894",2016,-4
"10.1038/s41598-020-66334-w",2020,"10.1371/journal.pgen.1004269",2014,-6
"10.1038/s41598-020-66334-w",2020,"10.1371/annotation/21033005-e120-4364-8024-c6534b4108f6",2013,-7
"10.1038/s41598-020-66334-w",2020,"10.1177/1179551417748942",2018,-2
"10.1038/s41598-020-66334-w",2020,"10.1186/s13075-018-1558-3",2018,-2
"10.1038/s41598-020-66334-w",2020,"10.1371/journal.pone.0125497",2015,-5
"10.1038/s41598-020-66334-w",2020,"10.1038/s41467-017-02769-6",2018,-2
"10.1038/s41598-020-66334-w",2020,"10.1186/s12864-015-1645-7",2015,-5
"10.1038/s41598-020-66334-w",2020,"10.1038/gim.2012.164",2012,-8
"10.1038/s41598-020-66334-w",2020,"10.1371/journal.pone.0087257",2014,-6
"10.1038/s41598-020-66334-w",2020,"10.1038/s41598-017-15864-x",2017,-3
"10.1038/s41588-021-00973-1",2021,"10.3389/fgene.2015.00030",2015,-6
"10.1038/s41588-021-00973-1",2021,"10.1038/s41467-018-06705-0",2018,-3
"10.1038/s41588-021-00973-1",2021,"10.1186/s12864-016-2725-z",2016,-5
"10.3390/cancers13081807",2021,"10.1002/cam4.3458",2020,-1
"10.1038/s41588-023-01561-1",2023,"10.1186/s13073-015-0230-7",2015,-8
"10.1038/s41588-023-01561-1",2023,"10.1038/s41598-020-69884-1",2020,-3
"10.1038/s41588-023-01561-1",2023,"10.1093/bioinformatics/bts053",2012,-11
"10.1038/s41588-023-01561-1",2023,"10.1038/nature10351",2011,-12
"10.1038/s41588-023-01561-1",2023,"10.1038/srep23226",2016,-7
"10.1038/s41588-023-01561-1",2023,"10.1038/s41588-020-0673-7",2020,-3
"10.1038/s41588-023-01561-1",2023,"10.1371/journal.pone.0073956",2013,-10
"10.1038/s41588-023-01561-1",2023,"10.3390/ncrna5030047",2019,-4
"10.1038/s41588-023-01422-x",2023,"10.1002/art.40040",2017,-6
"10.1038/s41467-020-18367-y",2020,"10.1161/jaha.117.008160",2018,-2
"10.1038/s41591-023-02397-2",2023,"10.1371/journal.pgen.1006811",2017,-6
"10.1038/s41591-023-02397-2",2023,"10.1038/s42003-022-03304-0",2022,-1
"10.1038/s41591-023-02397-2",2023,"10.1016/j.ajhg.2019.08.011",2019,-4
"10.1038/s41591-023-02397-2",2023,"10.1002/mds.28197",2020,-3
"10.1016/j.xhgg.2022.100166",2022,"10.1007/s00439-019-02099-1",2019,-3
"10.1038/s41467-023-39253-3",2023,"10.1007/s00125-022-05653-1",2022,-1
"10.1038/s41467-023-39253-3",2023,"10.1016/j.bpsgos.2021.06.005",2021,-2
"10.1038/s41467-023-39253-3",2023,"10.1161/atvbaha.121.316324",2021,-2
"10.1038/s41467-023-39253-3",2023,"10.1161/circulationaha.121.053797",2021,-2
"10.1038/s41467-023-39253-3",2023,"10.1038/s41467-022-31080-2",2022,-1
"10.1038/s41467-023-39253-3",2023,"10.1371/journal.pmed.1003302",2020,-3
"10.1038/s41467-023-39253-3",2023,"10.3389/fgene.2021.740134",2021,-2
"10.1038/s41467-023-39253-3",2023,"10.1038/s41467-020-18489-3",2020,-3
"10.1038/s41467-023-39253-3",2023,"10.1016/j.biopsych.2021.09.020",2021,-2
"10.1038/s41467-023-39253-3",2023,"10.1002/gepi.22440",2022,-1
"10.1038/s41467-023-39253-3",2023,"10.1371/journal.pgen.1009802",2021,-2
"10.1038/s41467-023-39253-3",2023,"10.1007/s00125-022-05806-2",2022,-1
"10.1038/s41467-023-39253-3",2023,"10.1038/s41467-019-09480-8",2019,-4
"10.1038/s41467-023-39253-3",2023,"10.1038/s41398-022-02029-2",2022,-1
"10.1038/s41467-023-39253-3",2023,"10.1161/jaha.122.025644",2022,-1
"10.1038/s41467-023-39253-3",2023,"10.1038/s41380-022-01544-4",2022,-1
"10.1038/s41467-023-39253-3",2023,"10.1093/bioinformatics/btac512",2022,-1
"10.1038/s41467-021-26061-w",2021,"10.1128/msphere.00464-20",2020,-1
"10.1038/s41467-021-26061-w",2021,"10.1128/msphere.00463-20",2020,-1
