charite_doi,reusing_paper_doi,publication_year,authors,publication_year_reusing,authors_reusing
10.1038/s41597-019-0129-z,10.1038/s41467-023-39916-1,2019,Kelly Shen;Gleb Bezgin;Michael Schirner;Petra Ritter;Stefan Everling;Anthony R. McIntosh,2023,Amy Howard;István N. Huszár;Adele Smart;Michiel Cottaar;Greg Daubney;Taylor Hanayik;Alexandre A. Khrapitchev;Rogier B. Mars;Jeroen Mollink;Connor Scott;Nicola R. Sibson;Jérôme Sallet;Saâd Jbabdi;Karla L. Miller
10.1038/s41597-019-0129-z,10.1038/s41467-023-43971-z,2019,Kelly Shen;Gleb Bezgin;Michael Schirner;Petra Ritter;Stefan Everling;Anthony R. McIntosh,2023,Alessandra Griffa;Mathieu Mach;Julien Dedelley;Daniel Gutierrez‐Barragan;Alessandro Gozzi;Gilles Allali;Joanes Grandjean;Dimitri Van De Ville;Enrico Amico
10.1038/s41597-019-0129-z,10.1038/s41593-022-01070-0 ,2019,Kelly Shen;Gleb Bezgin;Michael Schirner;Petra Ritter;Stefan Everling;Anthony R. McIntosh,NA,Luppi_manual
10.1038/s41597-019-0129-z,10.1073/pnas.1916646117,2019,Kelly Shen;Gleb Bezgin;Michael Schirner;Petra Ritter;Stefan Everling;Anthony R. McIntosh,2020,Rabiya Noori;Daniel Park;John D. Griffiths;Sonya Bells;Paul W. Frankland;Donald Mabbott;Jérémie Lefebvre
10.1038/s41597-019-0129-z,10.1038/s41467-024-46382-w,2019,Kelly Shen;Gleb Bezgin;Michael Schirner;Petra Ritter;Stefan Everling;Anthony R. McIntosh,2024,Andrea I. Luppi;Lynn Uhrig;Jordy Tasserie;Camilo Miguel Signorelli;Emmanuel A. Stamatakis;Alain Destexhe;Béchir Jarraya;Rodrigo Cofré
10.1038/s41597-019-0129-z,10.1016/j.neuroimage.2022.118973,2019,Kelly Shen;Gleb Bezgin;Michael Schirner;Petra Ritter;Stefan Everling;Anthony R. McIntosh,2022,Michael Schirner;Lia Domide;Dionysios Perdikis;Paul Triebkorn;Leon Stefanovski;Roopa Pai;Paula Prodan;Bogdan Valean;Jessica Palmer;Chloê Langford;André Blickensdörfer;Michiel van der Vlag;Sandra Diaz-Pier;Alexander Peyser;Wouter Klijn;D. Pleiter;Anne Nahm;Oliver Schmid;Marmaduke Woodman;Lyuba Zehl;J. Fousek;Spase Petkoski;Lionel Kusch;Meysam Hashemi;Daniele Marinazzo;Jean‐François Mangin;Agnes Flöel;Simisola Akintoye;Bernd Carsten Stahl;Michael Cepic;Emily L. Johnson;Gustavo Deco;Anthony R. McIntosh;Claus C. Hilgetag;Marc Morgan;Bernd Schuller;Alex Upton;Colin McMurtrie;Timo Dickscheid;Jan G. Bjaalie;Katrin Amunts;Jochen Mersmann;Viktor Jirsa;Petra Ritter
10.1038/s41597-019-0129-z,10.7554/elife.67600,2019,Kelly Shen;Gleb Bezgin;Michael Schirner;Petra Ritter;Stefan Everling;Anthony R. McIntosh,2021,Luqi Cheng;Yuanchao Zhang;Gang Li;Jiaojian Wang;Chet C. Sherwood;Gaolang Gong;Lingzhong Fan;Tianzi Jiang
10.1038/s41597-019-0129-z,10.1073/pnas.2117234119,2019,Kelly Shen;Gleb Bezgin;Michael Schirner;Petra Ritter;Stefan Everling;Anthony R. McIntosh,2022,Yusi Chen;Burke Q. Rosen;Terrence J. Sejnowski
10.1038/s41597-019-0129-z,10.3390/app14031063,2019,Kelly Shen;Gleb Bezgin;Michael Schirner;Petra Ritter;Stefan Everling;Anthony R. McIntosh,2024,Maria Sacha;Jennifer S. Goldman;Lionel Kusch;Alain Destexhe
10.1038/s41597-019-0129-z,10.1523/eneuro.0475-20.2021,2019,Kelly Shen;Gleb Bezgin;Michael Schirner;Petra Ritter;Stefan Everling;Anthony R. McIntosh,2021,Lucas Arbabyazd;Kelly Shen;Zheng Wang;Martin Hofmann‐Apitius;Petra Ritter;Anthony R. McIntosh;Demian Battaglia;Viktor Jirsa
10.1038/s41597-019-0129-z,10.1038/s41593-023-01376-7,2019,Kelly Shen;Gleb Bezgin;Michael Schirner;Petra Ritter;Stefan Everling;Anthony R. McIntosh,2023,Isaac Sebenius;Jakob Seidlitz;Varun Warrier;Richard A. I. Bethlehem;Aaron Alexander‐Bloch;Travis T. Mallard;Rafael Romero-García;Edward T. Bullmore;Sarah E. Morgan
10.1038/s41597-019-0129-z,10.7554/elife.80627,2019,Kelly Shen;Gleb Bezgin;Michael Schirner;Petra Ritter;Stefan Everling;Anthony R. McIntosh,2022,James C. Pang;James K. Rilling;James A. Roberts;Martijn P. van den Heuvel;Luca Cocchi
10.1038/s41597-019-0161-z,10.1038/s41598-021-97600-0 ,2019,Mykola Kadobianskyi;Lisanne Schulze;Markus Schuelke;Benjamin Judkewitz,NA,Britz_manual
10.1038/s41597-019-0161-z,10.1016/j.celrep.2022.110585,2019,Mykola Kadobianskyi;Lisanne Schulze;Markus Schuelke;Benjamin Judkewitz,2022,Gokul Rajan;Julie Lafaye;Giulia Faini;Martin Carbó-Tano;Karine Duroure;Dimitrii Tanese;Thomas Panier;Raphaël Candelier;Jörg Henninger;Ralf Britz;Benjamin Judkewitz;Christoph Gebhardt;Valentina Emiliani;Georges Debrégeas;Claire Wyart;Filippo Del Bene
10.1038/s41597-019-0161-z,10.1093/g3journal/jkac315,2019,Mykola Kadobianskyi;Lisanne Schulze;Markus Schuelke;Benjamin Judkewitz,2022,Yvan Papa;Maren Wellenreuther;Mark A. Morrison;Peter A. Ritchie
10.1038/s41597-019-0254-8,10.1016/j.parkreldis.2024.107230,2019,Brian L. Edlow;Azma Mareyam;Andreas Horn;Jon̈athan R. Polimeni;Thomas Witzel;M. Dylan Tisdall;Jean C. Augustinack;Jason Stockmann;Bram R. Diamond;Allison Stevens;Lee S. Tirrell;Rebecca D. Folkerth;Lawrence L. Wald;Bruce Fischl;André van der Kouwe,2024,Augusto Ielo;Lilla Bonanno;Costanza Brunati;Antonio Cannuli;Gianpaolo Antonio Basile;Serena Dattola;Alba Migliorato;Fabio Trimarchi;Filippo Cascio;Demetrio Milardi;Antonio Cerasa;Angelo Quartarone;Alberto Cacciola
10.1038/s41597-019-0254-8,10.48550/arxiv.2411.15388,2019,Brian L. Edlow;Azma Mareyam;Andreas Horn;Jon̈athan R. Polimeni;Thomas Witzel;M. Dylan Tisdall;Jean C. Augustinack;Jason Stockmann;Bram R. Diamond;Allison Stevens;Lee S. Tirrell;Rebecca D. Folkerth;Lawrence L. Wald;Bruce Fischl;André van der Kouwe,2024,Chiara Mauri;R. Fritz;Jocelyn Mora;Benjamin Billot;Juan Eugenio Iglesias;Koen Van Leemput;Jean C. Augustinack;Douglas N. Greve
10.1038/s41597-019-0254-8,10.1126/sciadv.adr9891,2019,Brian L. Edlow;Azma Mareyam;Andreas Horn;Jon̈athan R. Polimeni;Thomas Witzel;M. Dylan Tisdall;Jean C. Augustinack;Jason Stockmann;Bram R. Diamond;Allison Stevens;Lee S. Tirrell;Rebecca D. Folkerth;Lawrence L. Wald;Bruce Fischl;André van der Kouwe,2024,Rafael Rodríguez‐Rojas;Jorge U Máñez-Miró;José A. Pineda‐Pardo;Marta del Álamo;Raúl Martínez‐Fernández;José Á. Obeso
10.1038/s41597-019-0254-8,10.1016/j.nicl.2024.103709,2019,Brian L. Edlow;Azma Mareyam;Andreas Horn;Jon̈athan R. Polimeni;Thomas Witzel;M. Dylan Tisdall;Jean C. Augustinack;Jason Stockmann;Bram R. Diamond;Allison Stevens;Lee S. Tirrell;Rebecca D. Folkerth;Lawrence L. Wald;Bruce Fischl;André van der Kouwe,2024,Florian Grimm;Michaela Walcker;Luka Milosevic;Georgios Naros;Benjamin Bender;Daniel Weiß;Alireza Gharabaghi
10.1038/s41597-019-0254-8,10.1016/j.jdbs.2024.11.002,2019,Brian L. Edlow;Azma Mareyam;Andreas Horn;Jon̈athan R. Polimeni;Thomas Witzel;M. Dylan Tisdall;Jean C. Augustinack;Jason Stockmann;Bram R. Diamond;Allison Stevens;Lee S. Tirrell;Rebecca D. Folkerth;Lawrence L. Wald;Bruce Fischl;André van der Kouwe,2024,Luke Andrews;Ahmad Ali;Mohammed Elmolla;Simon S. Keller;Maneesh Bhojak;Jibril Osman‐Farah;Antonella Macerollo
10.1038/s41597-019-0254-8,10.1038/s41531-024-00807-x,2019,Brian L. Edlow;Azma Mareyam;Andreas Horn;Jon̈athan R. Polimeni;Thomas Witzel;M. Dylan Tisdall;Jean C. Augustinack;Jason Stockmann;Bram R. Diamond;Allison Stevens;Lee S. Tirrell;Rebecca D. Folkerth;Lawrence L. Wald;Bruce Fischl;André van der Kouwe,2024,Yichen Wang;Linbin Wang;Luis Manssuer;Yijie Zhao;Qiong Ding;Yixin Pan;Peng Huang;Dianyou Li;Valerie Voon
10.1038/s41597-019-0254-8,10.1162/imag_a_00327,2019,Brian L. Edlow;Azma Mareyam;Andreas Horn;Jon̈athan R. Polimeni;Thomas Witzel;M. Dylan Tisdall;Jean C. Augustinack;Jason Stockmann;Bram R. Diamond;Allison Stevens;Lee S. Tirrell;Rebecca D. Folkerth;Lawrence L. Wald;Bruce Fischl;André van der Kouwe,2024,Adam Coates;David Linhardt;Christian Windischberger;Anja Ischebeck;Natalia Zaretskaya
10.1038/s41597-019-0254-8,10.21203/rs.3.rs-3476665/v1,2019,Brian L. Edlow;Azma Mareyam;Andreas Horn;Jon̈athan R. Polimeni;Thomas Witzel;M. Dylan Tisdall;Jean C. Augustinack;Jason Stockmann;Bram R. Diamond;Allison Stevens;Lee S. Tirrell;Rebecca D. Folkerth;Lawrence L. Wald;Bruce Fischl;André van der Kouwe,2023,Bryan A. Strange;Svenja Treu;Juan A. Barcia;Cristina V. Torres;Javier J. González-Rosa;Cristina Nombela;José Pineda;Daniel Torres;Lukas Kunz;Robin Hellerstedt;Josué M. Avecillas-Chasín;Mónica Lara;Marta Navas;Ana Galarza;J. Gómez García;Antonio Oliviero;F. Seijo;Andreas Horn;Ningfei Li;Nikolai Axmacher;Santiago Canals;Blanca Reneses;Anne Bierbrauer
10.1038/s41597-019-0254-8,10.1016/j.media.2023.103041,2019,Brian L. Edlow;Azma Mareyam;Andreas Horn;Jon̈athan R. Polimeni;Thomas Witzel;M. Dylan Tisdall;Jean C. Augustinack;Jason Stockmann;Bram R. Diamond;Allison Stevens;Lee S. Tirrell;Rebecca D. Folkerth;Lawrence L. Wald;Bruce Fischl;André van der Kouwe,2023,Simón Oxenford;Ana Sofía Ríos;Barbara Hollunder;Clemens Neudorfer;Alexandre Boutet;Gavin J.B. Elias;Jürgen Germann;Aaron Loh;Wissam Deeb;Bryan Salvato;Leonardo Almeida;Kelly D. Foote;Robert Amaral;Paul B. Rosenberg;David F. Tang‐Wai;David A. Wolk;Anna Burke;Marwan N. Sabbagh;Stephen Salloway;M. Mallar Chakravarty;Gwenn S. Smith;Constantine G. Lyketsos;Michael S. Okun;William S. Anderson;Zoltán Mari;Francisco A. Ponce;Andrés M. Lozano;Wolf‐Julian Neumann;Bassam Al‐Fatly;Andreas Horn
10.1038/s41597-019-0254-8,10.1038/s44220-023-00128-7,2019,Brian L. Edlow;Azma Mareyam;Andreas Horn;Jon̈athan R. Polimeni;Thomas Witzel;M. Dylan Tisdall;Jean C. Augustinack;Jason Stockmann;Bram R. Diamond;Allison Stevens;Lee S. Tirrell;Rebecca D. Folkerth;Lawrence L. Wald;Bruce Fischl;André van der Kouwe,2023,Jacob L. Stubbs;Joseph J. Taylor;Shan Siddiqi;Frédéric Schaper;Alexander L. Cohen;William Drew;Colleen A. Hanlon;Amir Abdolahi;Henry Z. Wang;William G. Honer;William J. Panenka;Michael Fox
10.1038/s41597-019-0254-8,10.3233/jpd-230181,2019,Brian L. Edlow;Azma Mareyam;Andreas Horn;Jon̈athan R. Polimeni;Thomas Witzel;M. Dylan Tisdall;Jean C. Augustinack;Jason Stockmann;Bram R. Diamond;Allison Stevens;Lee S. Tirrell;Rebecca D. Folkerth;Lawrence L. Wald;Bruce Fischl;André van der Kouwe,2024,Daniel Kroneberg;Bassam Al‐Fatly;Cornelia Morkos;Leon A Steiner;Gerd‐Helge Schneider;Andrea A. Kühn
10.1038/s41597-019-0254-8,10.1038/s41467-022-34510-3,2019,Brian L. Edlow;Azma Mareyam;Andreas Horn;Jon̈athan R. Polimeni;Thomas Witzel;M. Dylan Tisdall;Jean C. Augustinack;Jason Stockmann;Bram R. Diamond;Allison Stevens;Lee S. Tirrell;Rebecca D. Folkerth;Lawrence L. Wald;Bruce Fischl;André van der Kouwe,2022,Ana Sofía Ríos;Simón Oxenford;Clemens Neudorfer;Konstantin Butenko;Ningfei Li;Nanditha Rajamani;Alexandre Boutet;Gavin J.B. Elias;Jürgen Germann;Aaron Loh;Wissam Deeb;Fuyixue Wang;Kawin Setsompop;Bryan Salvato;Leonardo Almeida;Kelly D. Foote;Robert Amaral;Paul B. Rosenberg;David F. Tang‐Wai;David A. Wolk;Anna Burke;Stephen Salloway;Marwan N. Sabbagh;M. Mallar Chakravarty;Gwenn S. Smith;Constantine G. Lyketsos;Michael S. Okun;William S. Anderson;Zoltán Mari;Francisco A. Ponce;Andrés M. Lozano;Andreas Horn
10.1038/s41597-019-0254-8,10.1126/sciadv.abj7892,2019,Brian L. Edlow;Azma Mareyam;Andreas Horn;Jon̈athan R. Polimeni;Thomas Witzel;M. Dylan Tisdall;Jean C. Augustinack;Jason Stockmann;Bram R. Diamond;Allison Stevens;Lee S. Tirrell;Rebecca D. Folkerth;Lawrence L. Wald;Bruce Fischl;André van der Kouwe,2022,Anneke Alkemade;Pierre‐Louis Bazin;Rawien Balesar;Kerrin Pine;Evgeniya Kirilina;Harald E. Möller;Robert Trampel;Johan M. Kros;Max C. Keuken;Ronald L. A. W. Bleys;Dick F. Swaab;Andreas Herrler;Nikolaus Weiskopf;Birte U. Forstmann
10.1038/s41597-019-0254-8,10.1073/pnas.2114985119,2019,Brian L. Edlow;Azma Mareyam;Andreas Horn;Jon̈athan R. Polimeni;Thomas Witzel;M. Dylan Tisdall;Jean C. Augustinack;Jason Stockmann;Bram R. Diamond;Allison Stevens;Lee S. Tirrell;Rebecca D. Folkerth;Lawrence L. Wald;Bruce Fischl;André van der Kouwe,2022,Andreas Horn;Martin M. Reich;Siobhán Ewert;Ningfei Li;Bassam Al‐Fatly;Florian Lange;Jonas Roothans;Simón Oxenford;Isabel Horn;Steffen Paschen;Joachim Runge;Fritz Wodarg;Karsten Witt;Robert Nickl;Matthias Wittstock;Gerd‐Helge Schneider;Philipp Mahlknecht;Werner Poewe;Wilhelm Eisner;Ann‐Kristin Helmers;Cordula Matthies;Joachim K. Krauss;Günther Deuschl;Jens Volkmann;Andrea A. Kühn
10.1038/s41597-019-0254-8,10.1002/ana.25975,2019,Brian L. Edlow;Azma Mareyam;Andreas Horn;Jon̈athan R. Polimeni;Thomas Witzel;M. Dylan Tisdall;Jean C. Augustinack;Jason Stockmann;Bram R. Diamond;Allison Stevens;Lee S. Tirrell;Rebecca D. Folkerth;Lawrence L. Wald;Bruce Fischl;André van der Kouwe,2020,Gavin J.B. Elias;Alexandre Boutet;Suresh E. Joel;Jürgen Germann;Dave Gwun;Clemens Neudorfer;Robert Gramer;Musleh Algarni;Vijayashankar Paramanandam;Sreeram Prasad;Michelle E. Beyn;Andreas Horn;Radhika Madhavan;Manish Ranjan;Christopher S. Lozano;Andrea A. Kühn;Jeff Ashe;Walter Kucharczyk;Renato P. Munhoz;Peter Giacobbe;Sidney H. Kennedy;D. Blake Woodside;Suneil K. Kalia;Alfonso Fasano;Mojgan Hodaie;Andrés M. Lozano
10.1038/s41597-019-0254-8,10.1016/j.neuroimage.2020.117307,2019,Brian L. Edlow;Azma Mareyam;Andreas Horn;Jon̈athan R. Polimeni;Thomas Witzel;M. Dylan Tisdall;Jean C. Augustinack;Jason Stockmann;Bram R. Diamond;Allison Stevens;Lee S. Tirrell;Rebecca D. Folkerth;Lawrence L. Wald;Bruce Fischl;André van der Kouwe,2020,Qiang Wang;Harith Akram;Muthuraman Muthuraman;Gabriel González‐Escamilla;Sameer A. Sheth;Simón Oxenford;Fang‐Cheng Yeh;Sergiu Groppa;Nora Vanegas‐Arroyave;Ludvic Zrinzo;Ningfei Li;Andrea A. Kühn;Andreas Horn
10.1038/s41597-019-0254-8,10.1093/brain/awac009,2019,Brian L. Edlow;Azma Mareyam;Andreas Horn;Jon̈athan R. Polimeni;Thomas Witzel;M. Dylan Tisdall;Jean C. Augustinack;Jason Stockmann;Bram R. Diamond;Allison Stevens;Lee S. Tirrell;Rebecca D. Folkerth;Lawrence L. Wald;Bruce Fischl;André van der Kouwe,2022,Christos Ganos;Bassam Al‐Fatly;J. Fischer;Juan-Carlos Baldermann;Christina Hennen;Veerle Visser‐Vandewalle;Clemens Neudorfer;Davide Martino;Jing Li;Tim Bouwens;Linda Ackermanns;Albert F.G. Leentjens;Nadya Pyatigorskaya;Yulia Worbe;Michael Fox;Andrea A. Kühn;Andreas Horn
10.1038/s41597-019-0254-8,10.1038/s41593-024-01570-1,2019,Brian L. Edlow;Azma Mareyam;Andreas Horn;Jon̈athan R. Polimeni;Thomas Witzel;M. Dylan Tisdall;Jean C. Augustinack;Jason Stockmann;Bram R. Diamond;Allison Stevens;Lee S. Tirrell;Rebecca D. Folkerth;Lawrence L. Wald;Bruce Fischl;André van der Kouwe,2024,Barbara Hollunder;Jill L. Ostrem;Ilkem Aysu Sahin;Nanditha Rajamani;Simón Oxenford;Konstantin Butenko;Clemens Neudorfer;Pablo Reinhardt;Patricia Zvarova;Mircea Polosan;Harith Akram;Matteo Vissani;Chencheng Zhang;Bomin Sun;P Navrátil;Martin M. Reich;Jens Volkmann;Fang‐Cheng Yeh;Juan Carlos Baldermann;Till A. Dembek;Veerle Visser‐Vandewalle;Eduardo Joaquim Lopes Alho;Paulo Roberto Franceschini;Pranav Nanda;Carsten Finke;Andrea A. Kühn;Darin D. Dougherty;R. Mark Richardson;Hagai Bergman;Mahlon R. DeLong;Alberto Mazzoni;Luigi Romito;Himanshu Tyagi;Ludvic Zrinzo;Eileen M. Joyce;Stéphan Chabardès;Philip A. Starr;Ningfei Li;Andreas Horn
10.1038/s41597-019-0254-8,10.1016/j.neuroimage.2021.118758,2019,Brian L. Edlow;Azma Mareyam;Andreas Horn;Jon̈athan R. Polimeni;Thomas Witzel;M. Dylan Tisdall;Jean C. Augustinack;Jason Stockmann;Bram R. Diamond;Allison Stevens;Lee S. Tirrell;Rebecca D. Folkerth;Lawrence L. Wald;Bruce Fischl;André van der Kouwe,2021,Jian Li;William H. Curley;Bastien Guérin;Darin D. Dougherty;Adrian V. Dalca;Bruce Fischl;Andreas Horn;Brian L. Edlow
10.1038/s41597-019-0254-8,10.1038/s41398-021-01307-9,2019,Brian L. Edlow;Azma Mareyam;Andreas Horn;Jon̈athan R. Polimeni;Thomas Witzel;M. Dylan Tisdall;Jean C. Augustinack;Jason Stockmann;Bram R. Diamond;Allison Stevens;Lee S. Tirrell;Rebecca D. Folkerth;Lawrence L. Wald;Bruce Fischl;André van der Kouwe,2021,Philip Mosley;François Windels;John Morris;Terry Coyne;Rodney Marsh;Andrea Giorni;Adith Mohan;Perminder S. Sachdev;Emily O’Leary;Mark J. Boschen;Pankaj Sah;Peter A. Silburn
10.1038/s41597-019-0254-8,10.1038/s41467-024-47867-4,2019,Brian L. Edlow;Azma Mareyam;Andreas Horn;Jon̈athan R. Polimeni;Thomas Witzel;M. Dylan Tisdall;Jean C. Augustinack;Jason Stockmann;Bram R. Diamond;Allison Stevens;Lee S. Tirrell;Rebecca D. Folkerth;Lawrence L. Wald;Bruce Fischl;André van der Kouwe,2024,Irene H. Flønes;Lilah Toker;Dagny Ann Sandnes;Martina Castelli;Sepideh Mostafavi;Njål Lura;Omnia Shadad;Erika Fernández‐Vizarra;Cèlia Painous;Alexandra Pérez‐Soriano;Yaroslau Compta;Laura Molina‐Porcel;Guido Alves;Ole‐Bjørn Tysnes;Christian Dölle;Gonzalo S. Nido;Charalampos Tzoulis
10.1038/s41597-019-0254-8,10.1038/s44220-023-00128-7,2019,Brian L. Edlow;Azma Mareyam;Andreas Horn;Jon̈athan R. Polimeni;Thomas Witzel;M. Dylan Tisdall;Jean C. Augustinack;Jason Stockmann;Bram R. Diamond;Allison Stevens;Lee S. Tirrell;Rebecca D. Folkerth;Lawrence L. Wald;Bruce Fischl;André van der Kouwe,2023,Jacob L. Stubbs;Joseph J. Taylor;Shan Siddiqi;Frédéric Schaper;Alexander L. Cohen;William Drew;Colleen A. Hanlon;Amir Abdolahi;Henry Z. Wang;William G. Honer;William J. Panenka;Michael Fox
10.1038/s41597-019-0254-8,10.1093/brain/awaa148,2019,Brian L. Edlow;Azma Mareyam;Andreas Horn;Jon̈athan R. Polimeni;Thomas Witzel;M. Dylan Tisdall;Jean C. Augustinack;Jason Stockmann;Bram R. Diamond;Allison Stevens;Lee S. Tirrell;Rebecca D. Folkerth;Lawrence L. Wald;Bruce Fischl;André van der Kouwe,2020,Philip Mosley;Saee Paliwal;Katherine Robinson;Terry Coyne;Peter A. Silburn;Marc Tittgemeyer;Klaas Ε. Stephan;Alistair Perry;Michael Breakspear
10.1038/s41597-019-0254-8,10.1093/cercor/bhab500,2019,Brian L. Edlow;Azma Mareyam;Andreas Horn;Jon̈athan R. Polimeni;Thomas Witzel;M. Dylan Tisdall;Jean C. Augustinack;Jason Stockmann;Bram R. Diamond;Allison Stevens;Lee S. Tirrell;Rebecca D. Folkerth;Lawrence L. Wald;Bruce Fischl;André van der Kouwe,2021,Daniel Bullock;Elena A. Hayday;Mark D. Grier;Wei Tang;Franco Pestilli;Sarah R. Heilbronner
10.1038/s41597-019-0254-8,10.1016/j.neuroimage.2021.118649,2019,Brian L. Edlow;Azma Mareyam;Andreas Horn;Jon̈athan R. Polimeni;Thomas Witzel;M. Dylan Tisdall;Jean C. Augustinack;Jason Stockmann;Bram R. Diamond;Allison Stevens;Lee S. Tirrell;Rebecca D. Folkerth;Lawrence L. Wald;Bruce Fischl;André van der Kouwe,2021,Chengyuan Wu;Francisca Ferreira;Michael Fox;Noam Harel;Jona A. Hattangadi‐Gluth;Andreas Horn;Saâd Jbabdi;Joshua Kahan;Ashwini Oswal;Sameer A. Sheth;Yanmei Tie;Vejay N. Vakharia;Ludvic Zrinzo;Harith Akram
10.1038/s41597-019-0254-8,10.1007/s13311-021-01057-y,2019,Brian L. Edlow;Azma Mareyam;Andreas Horn;Jon̈athan R. Polimeni;Thomas Witzel;M. Dylan Tisdall;Jean C. Augustinack;Jason Stockmann;Bram R. Diamond;Allison Stevens;Lee S. Tirrell;Rebecca D. Folkerth;Lawrence L. Wald;Bruce Fischl;André van der Kouwe,2021,Cristina V. Torres;Gabriel González‐Escamilla;Dumitru Ciolac;Marta Navas García;Paloma Pulido;Rafael G. Sola;Antonio Barbosa;Jesús Pastor;Lorena Vega-Zelaya;Sergiu Groppa
10.1038/s41597-019-0254-8,10.3389/fneur.2021.785529,2019,Brian L. Edlow;Azma Mareyam;Andreas Horn;Jon̈athan R. Polimeni;Thomas Witzel;M. Dylan Tisdall;Jean C. Augustinack;Jason Stockmann;Bram R. Diamond;Allison Stevens;Lee S. Tirrell;Rebecca D. Folkerth;Lawrence L. Wald;Bruce Fischl;André van der Kouwe,2021,Florian Lange;Frank Steigerwald;Tobias Malzacher;Gregor A. Brandt;Thorsten Odorfer;Jonas Roothans;Martin M. Reich;Patrick Fricke;Jens Volkmann;Cordula Matthies;Philipp Capetian
10.1038/s41597-019-0254-8,10.1016/j.neuroimage.2023.119964,2019,Brian L. Edlow;Azma Mareyam;Andreas Horn;Jon̈athan R. Polimeni;Thomas Witzel;M. Dylan Tisdall;Jean C. Augustinack;Jason Stockmann;Bram R. Diamond;Allison Stevens;Lee S. Tirrell;Rebecca D. Folkerth;Lawrence L. Wald;Bruce Fischl;André van der Kouwe,2023,Sevil Ince;Trevor Steward;Ben J. Harrison;Alec Jamieson;Christopher G. Davey;James Agathos;Bradford A. Moffat;Rebecca Glarin;Kim L. Felmingham
10.1038/s41597-019-0254-8,10.1002/ana.26652,2019,Brian L. Edlow;Azma Mareyam;Andreas Horn;Jon̈athan R. Polimeni;Thomas Witzel;M. Dylan Tisdall;Jean C. Augustinack;Jason Stockmann;Bram R. Diamond;Allison Stevens;Lee S. Tirrell;Rebecca D. Folkerth;Lawrence L. Wald;Bruce Fischl;André van der Kouwe,2023,Julian Conrad;Bernhard Baier;Laurenz Eberle;Ria Maxine Ruehl;Rainer Boegle;Andreas Zwergal;Marianne Dieterich
10.1038/s41597-019-0254-8,10.1093/cercor/bhab487,2019,Brian L. Edlow;Azma Mareyam;Andreas Horn;Jon̈athan R. Polimeni;Thomas Witzel;M. Dylan Tisdall;Jean C. Augustinack;Jason Stockmann;Bram R. Diamond;Allison Stevens;Lee S. Tirrell;Rebecca D. Folkerth;Lawrence L. Wald;Bruce Fischl;André van der Kouwe,2021,Ben J. Harrison;Christopher G. Davey;Hannah S. Savage;Alec Jamieson;Christine A. Leonards;Bradford A. Moffat;Rebecca Glarin;Trevor Steward
10.1038/s41597-019-0254-8,10.1016/j.biopsych.2023.12.010,2019,Brian L. Edlow;Azma Mareyam;Andreas Horn;Jon̈athan R. Polimeni;Thomas Witzel;M. Dylan Tisdall;Jean C. Augustinack;Jason Stockmann;Bram R. Diamond;Allison Stevens;Lee S. Tirrell;Rebecca D. Folkerth;Lawrence L. Wald;Bruce Fischl;André van der Kouwe,2023,Garance M. Meyer;Barbara Hollunder;Ningfei Li;Konstantin Butenko;Till A. Dembek;Lauren Hart;Cristina Nombela;Philip Mosley;Harith Akram;Nicola Acevedo;Benjamin M. Borron;Tina Chou;Juan Pablo Castaño Montoya;Bryan A. Strange;Juan A. Barcia;Himanshu Tyagi;David Castle;Andrew H. Smith;Ki Sueng Choi;Brian H. Kopell;Helen S. Mayberg;Sameer A. Sheth;Wayne K. Goodman;Albert F.G. Leentjens;R. Mark Richardson;Susan L. Rossell;Peter Bosanac;G. Rees Cosgrove;Jens Kuhn;Veerle Visser‐Vandewalle;Martijn Figee;Darin D. Dougherty;Shan Siddiqi;Ludvic Zrinzo;Eileen M. Joyce;Juan Carlos Baldermann;Michael Fox;Clemens Neudorfer;Andreas Horn
10.1038/s41597-019-0254-8,10.3174/ajnr.a6693,2019,Brian L. Edlow;Azma Mareyam;Andreas Horn;Jon̈athan R. Polimeni;Thomas Witzel;M. Dylan Tisdall;Jean C. Augustinack;Jason Stockmann;Bram R. Diamond;Allison Stevens;Lee S. Tirrell;Rebecca D. Folkerth;Lawrence L. Wald;Bruce Fischl;André van der Kouwe,2020,Erik H. Middlebrooks;Ricardo A. Domingo;Tito Vivas-Buitrago;Lela Okromelidze;Takashi Tsuboi;Joshua K. Wong;Robert S. Eisinger;Leonardo Almeida;Matthew R. Burns;Andreas Horn;Ryan J. Uitti;Robert E. Wharen;Vanessa M. Holanda;Sanjeet S. Grewal
10.1038/s41597-019-0254-8,10.1016/j.media.2023.103041,2019,Brian L. Edlow;Azma Mareyam;Andreas Horn;Jon̈athan R. Polimeni;Thomas Witzel;M. Dylan Tisdall;Jean C. Augustinack;Jason Stockmann;Bram R. Diamond;Allison Stevens;Lee S. Tirrell;Rebecca D. Folkerth;Lawrence L. Wald;Bruce Fischl;André van der Kouwe,2023,Simón Oxenford;Ana Sofía Ríos;Barbara Hollunder;Clemens Neudorfer;Alexandre Boutet;Gavin J.B. Elias;Jürgen Germann;Aaron Loh;Wissam Deeb;Bryan Salvato;Leonardo Almeida;Kelly D. Foote;Robert Amaral;Paul B. Rosenberg;David F. Tang‐Wai;David A. Wolk;Anna Burke;Marwan N. Sabbagh;Stephen Salloway;M. Mallar Chakravarty;Gwenn S. Smith;Constantine G. Lyketsos;Michael S. Okun;William S. Anderson;Zoltán Mari;Francisco A. Ponce;Andrés M. Lozano;Wolf‐Julian Neumann;Bassam Al‐Fatly;Andreas Horn
10.1038/s41597-019-0254-8,10.1016/j.neuroimage.2022.119421,2019,Brian L. Edlow;Azma Mareyam;Andreas Horn;Jon̈athan R. Polimeni;Thomas Witzel;M. Dylan Tisdall;Jean C. Augustinack;Jason Stockmann;Bram R. Diamond;Allison Stevens;Lee S. Tirrell;Rebecca D. Folkerth;Lawrence L. Wald;Bruce Fischl;André van der Kouwe,2022,Yawen Wang;Minye Zhan;Alard Roebroeck;Peter De Weerd;Sriranga Kashyap;Mark Roberts
10.1038/s41597-019-0254-8,10.1038/s41746-024-01253-y,2019,Brian L. Edlow;Azma Mareyam;Andreas Horn;Jon̈athan R. Polimeni;Thomas Witzel;M. Dylan Tisdall;Jean C. Augustinack;Jason Stockmann;Bram R. Diamond;Allison Stevens;Lee S. Tirrell;Rebecca D. Folkerth;Lawrence L. Wald;Bruce Fischl;André van der Kouwe,2024,Enrico Ferrea;Farzin Negahbani;Idil Cebi;Daniel Weiß;Alireza Gharabaghi
10.1038/s41597-019-0254-8,10.1016/j.brs.2022.08.025,2019,Brian L. Edlow;Azma Mareyam;Andreas Horn;Jon̈athan R. Polimeni;Thomas Witzel;M. Dylan Tisdall;Jean C. Augustinack;Jason Stockmann;Bram R. Diamond;Allison Stevens;Lee S. Tirrell;Rebecca D. Folkerth;Lawrence L. Wald;Bruce Fischl;André van der Kouwe,2022,Pavel Filip;Robert Jech;Anna Fečíková;Petra Havránková;Filip Růžička;Karsten Mueller;Dušan Urgošík
10.1038/s41597-019-0254-8,10.1016/j.nicl.2021.102846,2019,Brian L. Edlow;Azma Mareyam;Andreas Horn;Jon̈athan R. Polimeni;Thomas Witzel;M. Dylan Tisdall;Jean C. Augustinack;Jason Stockmann;Bram R. Diamond;Allison Stevens;Lee S. Tirrell;Rebecca D. Folkerth;Lawrence L. Wald;Bruce Fischl;André van der Kouwe,2021,Erik H. Middlebrooks;Lela Okromelidze;Joshua K. Wong;Robert S. Eisinger;Mathew R Burns;Ayushi Jain;Hsin-Pin Lin;Jun Yu;Enrico Opri;Andreas Horn;Lukas Goede;Kelly D. Foote;Michael S. Okun;Alfredo Quiñones‐Hinojosa;Ryan J. Uitti;Sanjeet S. Grewal;Takashi Tsuboi
10.1038/s41597-019-0254-8,10.7554/elife.72929,2019,Brian L. Edlow;Azma Mareyam;Andreas Horn;Jon̈athan R. Polimeni;Thomas Witzel;M. Dylan Tisdall;Jean C. Augustinack;Jason Stockmann;Bram R. Diamond;Allison Stevens;Lee S. Tirrell;Rebecca D. Folkerth;Lawrence L. Wald;Bruce Fischl;André van der Kouwe,2022,Simón Oxenford;Jan Roediger;Clemens Neudorfer;Luka Milosevic;Christopher Güttler;Philipp Spindler;Peter Vajkoczy;Wolf‐Julian Neumann;Andrea A. Kühn;Andreas Horn
10.1038/s41597-019-0254-8,10.1093/brain/awae173,2019,Brian L. Edlow;Azma Mareyam;Andreas Horn;Jon̈athan R. Polimeni;Thomas Witzel;M. Dylan Tisdall;Jean C. Augustinack;Jason Stockmann;Bram R. Diamond;Allison Stevens;Lee S. Tirrell;Rebecca D. Folkerth;Lawrence L. Wald;Bruce Fischl;André van der Kouwe,2024,Georgios P. Skandalakis;Clemens Neudorfer;Caitlin A Payne;Evalina Bond;Armin D. Tavakkoli;Jessica Barrios‐Martinez;Anne C. Trutti;Christos Koutsarnakis;Volker A. Coenen;Spyridon Komaitis;Constantinos G. Hadjipanayis;George Stranjalis;Fang‐Cheng Yeh;Layla Banihashemi;Jennifer Hong;Andrés M. Lozano;Michael D. Kogan;Andreas Horn;Linton T. Evans;Aristotelis Kalyvas
10.1038/s41597-020-00597-w,10.1121/10.0017356,2020,Peter Birkholz;Steffen Kürbis;Simon Stone;Patrick Häsner;Rémi Blandin;Mario Fleischer,2023,Antoine Serrurier;Christiane Neuschaefer-Rube
10.1038/s41597-020-00597-w,10.1016/j.specom.2021.06.002,2020,Peter Birkholz;Steffen Kürbis;Simon Stone;Patrick Häsner;Rémi Blandin;Mario Fleischer,2021,Peter Birkholz;Susanne Drechsel
10.1038/s41597-020-00597-w,10.21437/interspeech.2024-2087,2020,Peter Birkholz;Steffen Kürbis;Simon Stone;Patrick Häsner;Rémi Blandin;Mario Fleischer,2024,Rongshuai Wu;Debasish Ray Mohapatra;Sidney Fels
10.1038/s41597-020-00597-w,10.22028/d291-41147,2020,Peter Birkholz;Steffen Kürbis;Simon Stone;Patrick Häsner;Rémi Blandin;Mario Fleischer,NA,werner_manual
10.1038/s41597-020-00597-w,10.1121/10.0019682,2020,Peter Birkholz;Steffen Kürbis;Simon Stone;Patrick Häsner;Rémi Blandin;Mario Fleischer,2023,Peter Birkholz;Rémi Blandin;Steffen Kürbis
10.1038/s41597-020-00597-w,10.21437/interspeech.2024-1749,2020,Peter Birkholz;Steffen Kürbis;Simon Stone;Patrick Häsner;Rémi Blandin;Mario Fleischer,2024,Debasish Ray Mohapatra;Victor Zappi;Sidney Fels
10.1038/s41597-020-00597-w,https://hal.science/hal-03848459/,2020,Peter Birkholz;Steffen Kürbis;Simon Stone;Patrick Häsner;Rémi Blandin;Mario Fleischer,NA,Peter Birkholz
10.1038/s41597-020-0487-6,10.1038/s41467-024-45339-3,2020,G. Specht;Hanna P. Roetschke;Artem Mansurkhodzhaev;Petra Henklein;Kathrin Textoris‐Taube;Henning Urlaub;Michele Mishto;Juliane Liepe,2024,Wai Tuck Soh;Hanna P. Roetschke;John A. Cormican;Bei Fang Teo;Nyet Cheng Chiam;Monika Raabe;Ralf Pflanz;F. Henneberg;Stefan Becker;Ashwin Chari;Haiyan Liu;Henning Urlaub;Juliane Liepe;Michele Mishto
10.1038/s41597-020-0487-6,10.3389/fimmu.2021.614276,2020,G. Specht;Hanna P. Roetschke;Artem Mansurkhodzhaev;Petra Henklein;Kathrin Textoris‐Taube;Henning Urlaub;Michele Mishto;Juliane Liepe,2021,Artem Mansurkhodzhaev;Camila R. R. Barbosa;Michele Mishto;Juliane Liepe
10.1038/s41597-020-0487-6,10.1038/s41597-022-01890-6,2020,G. Specht;Hanna P. Roetschke;Artem Mansurkhodzhaev;Petra Henklein;Kathrin Textoris‐Taube;Henning Urlaub;Michele Mishto;Juliane Liepe,2023,Hanna P. Roetschke;Guillermo Rodriguez-Hernandez;John A. Cormican;Xiaoping Yang;Steven Lynham;Michele Mishto;Juliane Liepe
10.1038/s41597-020-0487-6,10.3389/fimmu.2021.679836,2020,G. Specht;Hanna P. Roetschke;Artem Mansurkhodzhaev;Petra Henklein;Kathrin Textoris‐Taube;Henning Urlaub;Michele Mishto;Juliane Liepe,2021,Michele Mishto;Guillermo Rodriguez-Hernandez;Jacques Neefjes;Henning Urlaub;Juliane Liepe
10.1038/s41597-020-0495-6,10.70135/seejph.vi.5179,2020,Patrick Wagner;Nils Strodthoff;Ralf-Dieter Bousseljot;D. Kreiseler;Fatima I. Lunze;Wojciech Samek;Tobias Schaeffter,NA,NA
10.1038/s41597-020-0495-6,10.48550/arxiv.2502.19668,2020,Patrick Wagner;Nils Strodthoff;Ralf-Dieter Bousseljot;D. Kreiseler;Fatima I. Lunze;Wojciech Samek;Tobias Schaeffter,NA,Cai_manual
10.1038/s41597-020-0495-6,10.1007/s11760-025-03893-3,2020,Patrick Wagner;Nils Strodthoff;Ralf-Dieter Bousseljot;D. Kreiseler;Fatima I. Lunze;Wojciech Samek;Tobias Schaeffter,2025,Fatma Lati̇foğlu;Semra İçer;Ayşegül Güven;Aigul Zhusupova;Ömer Levent Avşaroğulları;Şaban Keleşoğlu;Nihat Kalay;Fırat ORHANBULUCU;Merve İnce;Arif Ertürk;Berat Özdet
10.1038/s41597-020-0495-6,10.3390/s25051400,2020,Patrick Wagner;Nils Strodthoff;Ralf-Dieter Bousseljot;D. Kreiseler;Fatima I. Lunze;Wojciech Samek;Tobias Schaeffter,2025,Roger de T. Guerra;Cristina Keiko Yamaguchi;Stéfano Frizzo Stefenon;Leandro dos Santos Coelho;Viviana Cocco Mariani
10.1038/s41597-020-0495-6,10.1016/j.knosys.2025.113173,2020,Patrick Wagner;Nils Strodthoff;Ralf-Dieter Bousseljot;D. Kreiseler;Fatima I. Lunze;Wojciech Samek;Tobias Schaeffter,2025,Ning Wang;Haiyan Wang;Panpan Feng;Shihua Li;Jian Tan;Zongmin Wang;Bing Zhou
10.1038/s41597-020-0495-6,10.1038/s41598-025-90084-2,2020,Patrick Wagner;Nils Strodthoff;Ralf-Dieter Bousseljot;D. Kreiseler;Fatima I. Lunze;Wojciech Samek;Tobias Schaeffter,2025,Wenping Chen;Huibin Wang;Lili Zhang;Min Zhang
10.1038/s41597-020-0495-6,10.1101/2025.02.14.638219,2020,Patrick Wagner;Nils Strodthoff;Ralf-Dieter Bousseljot;D. Kreiseler;Fatima I. Lunze;Wojciech Samek;Tobias Schaeffter,2025,Jacqueline Michelle Metsch;Philip Hempel;M. Mäurer;Nicolai Spicher;Anne-Christin Hauschild
10.1038/s41597-020-0495-6,https://proceedings.mlr.press/v259/bergamaschi25a.html,2020,Patrick Wagner;Nils Strodthoff;Ralf-Dieter Bousseljot;D. Kreiseler;Fatima I. Lunze;Wojciech Samek;Tobias Schaeffter,NA,Bergamaschi_manual
10.1038/s41597-020-0495-6,10.3390/s25041220,2020,Patrick Wagner;Nils Strodthoff;Ralf-Dieter Bousseljot;D. Kreiseler;Fatima I. Lunze;Wojciech Samek;Tobias Schaeffter,2025,Ali Kırkbaş;Aydın Kızılkaya
10.1038/s41597-020-0495-6,10.1016/j.eswa.2025.126901,2020,Patrick Wagner;Nils Strodthoff;Ralf-Dieter Bousseljot;D. Kreiseler;Fatima I. Lunze;Wojciech Samek;Tobias Schaeffter,2025,Qinghua Sun;Jiali Li;Chunmiao Liang;Rugang Liu;Jiaojiao Pang;Yuguo Chen;Cong Wang
10.1038/s41597-020-0495-6,10.1038/s41598-024-84270-x,2020,Patrick Wagner;Nils Strodthoff;Ralf-Dieter Bousseljot;D. Kreiseler;Fatima I. Lunze;Wojciech Samek;Tobias Schaeffter,2025,Stojancho Tudjarski;Marjan Gušev;Evangelos Kanoulas
10.1038/s41597-020-0495-6,10.48550/arxiv.2502.09744,2020,Patrick Wagner;Nils Strodthoff;Ralf-Dieter Bousseljot;D. Kreiseler;Fatima I. Lunze;Wojciech Samek;Tobias Schaeffter,2025,Mahad Ali;Curtis Lisle;Patrick W. Moore;Tammer Barkouki;Betty Kirkwood;Laura J. Brattain
10.1038/s41597-020-0495-6,10.48084/etasr.9155,2020,Patrick Wagner;Nils Strodthoff;Ralf-Dieter Bousseljot;D. Kreiseler;Fatima I. Lunze;Wojciech Samek;Tobias Schaeffter,2025,Nasir Ayub;Nadeem Sarwar;Ali Arshad;Hamayun Khan;Irfanud Din;Abdullah M. Alqahtani;Mohamed Abdulnabi;Aitizaz Ali
10.1038/s41597-020-0495-6,10.1016/j.compeleceng.2025.110177,2020,Patrick Wagner;Nils Strodthoff;Ralf-Dieter Bousseljot;D. Kreiseler;Fatima I. Lunze;Wojciech Samek;Tobias Schaeffter,2025,Xiuxin Zhang;Meng Chen;Yongjian Li;Jiahui Gao;Yiheng Sun;Feifei Liu;Shoushui Wei
10.1038/s41597-020-0495-6,10.1016/j.inffus.2025.102999,2020,Patrick Wagner;Nils Strodthoff;Ralf-Dieter Bousseljot;D. Kreiseler;Fatima I. Lunze;Wojciech Samek;Tobias Schaeffter,2025,Chien‐Liang Liu;Bin Xiao;Ching-Tang Hsieh
10.1038/s41597-020-0495-6,10.48550/arxiv.2502.05494,2020,Patrick Wagner;Nils Strodthoff;Ralf-Dieter Bousseljot;D. Kreiseler;Fatima I. Lunze;Wojciech Samek;Tobias Schaeffter,2025,Zhou Ya;Yujie Yang;John Q. Gan;Xiangjie Li;Jing Yuan;Wei Zhao
10.1038/s41597-020-0495-6,10.48550/arxiv.2502.04515,2020,Patrick Wagner;Nils Strodthoff;Ralf-Dieter Bousseljot;D. Kreiseler;Fatima I. Lunze;Wojciech Samek;Tobias Schaeffter,2025,Wei Fan;Jing Fei;Dingyu Guo;Kun Yi;Xiaozhuang Song;Haolong Xiang;Hangting Ye;Min Li
10.1038/s41597-020-0495-6,10.1371/journal.pone.0318070,2020,Patrick Wagner;Nils Strodthoff;Ralf-Dieter Bousseljot;D. Kreiseler;Fatima I. Lunze;Wojciech Samek;Tobias Schaeffter,2025,Qiao Xiao;Chaofeng Wang
10.1038/s41597-020-0495-6,10.1016/j.imu.2025.101624,2020,Patrick Wagner;Nils Strodthoff;Ralf-Dieter Bousseljot;D. Kreiseler;Fatima I. Lunze;Wojciech Samek;Tobias Schaeffter,2025,Kazuki Hebiguchi;Hiroyoshi Togo;Akimasa Hirata
10.1038/s41597-020-0495-6,10.48550/arxiv.2501.18367,2020,Patrick Wagner;Nils Strodthoff;Ralf-Dieter Bousseljot;D. Kreiseler;Fatima I. Lunze;Wojciech Samek;Tobias Schaeffter,2025,Yifan Wang;H. Ai;Ruiqi Li;Maowei Jiang;Cheng Jiang;Chenzhong Li
10.1038/s41597-020-0495-6,10.48550/arxiv.2501.18367,2020,Patrick Wagner;Nils Strodthoff;Ralf-Dieter Bousseljot;D. Kreiseler;Fatima I. Lunze;Wojciech Samek;Tobias Schaeffter,2025,Yifan Wang;H. Ai;Ruiqi Li;Maowei Jiang;Cheng Jiang;Chenzhong Li
10.1038/s41597-020-0495-6,10.48550/arxiv.2501.16215,2020,Patrick Wagner;Nils Strodthoff;Ralf-Dieter Bousseljot;D. Kreiseler;Fatima I. Lunze;Wojciech Samek;Tobias Schaeffter,2025,Huayu Li;Xiwen Chen;Ci Zhang;Stuart F. Quan;William D. S. Killgore;Shu-Fen Wung;陳信希 Hsin-His Chen;Geng Yuan;Jin‐Jian Lu;Ao Li
10.1038/s41597-020-0495-6,10.48550/arxiv.2501.16476,2020,Patrick Wagner;Nils Strodthoff;Ralf-Dieter Bousseljot;D. Kreiseler;Fatima I. Lunze;Wojciech Samek;Tobias Schaeffter,2025,Robert O’Shea;Bipin Rajendran
10.1038/s41597-020-0495-6,10.48550/arxiv.2501.15318,2020,Patrick Wagner;Nils Strodthoff;Ralf-Dieter Bousseljot;D. Kreiseler;Fatima I. Lunze;Wojciech Samek;Tobias Schaeffter,2025,Yi Zhou;Naman Goel
10.1038/s41597-020-0495-6,10.1016/j.ymeth.2025.01.01,2020,Patrick Wagner;Nils Strodthoff;Ralf-Dieter Bousseljot;D. Kreiseler;Fatima I. Lunze;Wojciech Samek;Tobias Schaeffter,NA,NA
10.1038/s41597-020-0495-6,10.3390/sym17010120,2020,Patrick Wagner;Nils Strodthoff;Ralf-Dieter Bousseljot;D. Kreiseler;Fatima I. Lunze;Wojciech Samek;Tobias Schaeffter,2025,Xiang Wang;Jie Yang
10.1038/s41597-020-0495-6,10.48550/arxiv.2501.07555,2020,Patrick Wagner;Nils Strodthoff;Ralf-Dieter Bousseljot;D. Kreiseler;Fatima I. Lunze;Wojciech Samek;Tobias Schaeffter,NA,Rahmani_manual
10.1038/s41597-020-0495-6,https://damdid2024.frccsc.ru/files/papers/damdid_2024_paper_66.pdf,2020,Patrick Wagner;Nils Strodthoff;Ralf-Dieter Bousseljot;D. Kreiseler;Fatima I. Lunze;Wojciech Samek;Tobias Schaeffter,NA,NA
10.1038/s41597-020-0495-6,https://damdid2024.frccsc.ru/files/papers/damdid_2024_paper_26.pdf,2020,Patrick Wagner;Nils Strodthoff;Ralf-Dieter Bousseljot;D. Kreiseler;Fatima I. Lunze;Wojciech Samek;Tobias Schaeffter,NA,NA
10.1038/s41597-020-0495-6,10.1038/s41598-024-83218-5,2020,Patrick Wagner;Nils Strodthoff;Ralf-Dieter Bousseljot;D. Kreiseler;Fatima I. Lunze;Wojciech Samek;Tobias Schaeffter,2024,Maria Galanty;Dieuwertje Luitse;Sijm H. Noteboom;Philip Merio Croon;Alexander P. J. Vlaar;Thomas Poell;Clara I. Sá‎nchez;Tobias Blanke;Ivana Išgum
10.1038/s41597-020-0495-6,10.1016/j.patcog.2024.111311,2020,Patrick Wagner;Nils Strodthoff;Ralf-Dieter Bousseljot;D. Kreiseler;Fatima I. Lunze;Wojciech Samek;Tobias Schaeffter,2024,Yufeng Wei;Cheng Lian;Bingrong Xu;Pengbo Zhao;Honggang Yang;Zhigang Zeng
10.1038/s41597-020-0495-6,10.22489/cinc.2024.210,2020,Patrick Wagner;Nils Strodthoff;Ralf-Dieter Bousseljot;D. Kreiseler;Fatima I. Lunze;Wojciech Samek;Tobias Schaeffter,2024,Damian Kucharski;Arkadiusz Paweł Czerwiński;Agata M. Wijata;Jacek Kawa;Yalin Zheng;Gregory Y.H. Lip;Jakub Nalepa
10.1038/s41597-020-0495-6,10.22489/cinc.2024.481,2020,Patrick Wagner;Nils Strodthoff;Ralf-Dieter Bousseljot;D. Kreiseler;Fatima I. Lunze;Wojciech Samek;Tobias Schaeffter,2024,Samer Jammoul;A. E. Hassan;Emily Zhang;Philip Warrick;Jonathan Afilalo
10.1038/s41597-020-0495-6,10.26599/tst.2023.9010162,2020,Patrick Wagner;Nils Strodthoff;Ralf-Dieter Bousseljot;D. Kreiseler;Fatima I. Lunze;Wojciech Samek;Tobias Schaeffter,2024,Pan Xia;Zhongrui Bai;Yicheng Yao;Lirui Xu;Hao Zhang;Lidong Du;Xianxiang Chen;Ye Qiao;Yusi Zhu;Peng Wang;Xiaoran Li;Guangyun Wang;Zhen Fang
10.1038/s41597-020-0495-6,10.22489/cinc.2024.229,2020,Patrick Wagner;Nils Strodthoff;Ralf-Dieter Bousseljot;D. Kreiseler;Fatima I. Lunze;Wojciech Samek;Tobias Schaeffter,2024,Mathilde A. Verlyck;Joshua R. Dillon;Stephen A. Creamer;Debbie Zhao
10.1038/s41597-020-0495-6,10.22489/cinc.2024.225,2020,Patrick Wagner;Nils Strodthoff;Ralf-Dieter Bousseljot;D. Kreiseler;Fatima I. Lunze;Wojciech Samek;Tobias Schaeffter,2024,Weijie Sun;Siqi Cao;Sunil V. Kalmady;Md. Saiful Islam;Taimur Hassan;Abram Hindle;Russell Greiner;Padma Kaul
10.1038/s41597-020-0495-6,https://www.proquest.com/dissertations-theses/generative-artificial-intelligence-statistical/docview/3143978098/se-2,2020,Patrick Wagner;Nils Strodthoff;Ralf-Dieter Bousseljot;D. Kreiseler;Fatima I. Lunze;Wojciech Samek;Tobias Schaeffter,NA,NA
10.1038/s41597-020-0495-6,https://www.cfaed.tu-dresden.de/files/images/people/chair-pd/papers/peax_for_codai_2024-12-19.pdf,2020,Patrick Wagner;Nils Strodthoff;Ralf-Dieter Bousseljot;D. Kreiseler;Fatima I. Lunze;Wojciech Samek;Tobias Schaeffter,NA,NA
10.1038/s41597-020-0495-6,https://cgi.cse.unsw.edu.au/~mit/aisymposium24-slides/p1.pdf,2020,Patrick Wagner;Nils Strodthoff;Ralf-Dieter Bousseljot;D. Kreiseler;Fatima I. Lunze;Wojciech Samek;Tobias Schaeffter,NA,Parker_manual
10.1038/s41597-020-0495-6,10.1007/s42979-024-03560-3,2020,Patrick Wagner;Nils Strodthoff;Ralf-Dieter Bousseljot;D. Kreiseler;Fatima I. Lunze;Wojciech Samek;Tobias Schaeffter,2024,Bidyut Bikash Borah;Khushboo Das;Uddipan Hazarika;Soumik Roy
10.1038/s41597-020-0495-6,10.1007/s10489-024-05881-5,2020,Patrick Wagner;Nils Strodthoff;Ralf-Dieter Bousseljot;D. Kreiseler;Fatima I. Lunze;Wojciech Samek;Tobias Schaeffter,2024,Yifan Li;Mengjue Wang;Mingxiang Guan;Chen Lu;Zhiyong Li;Tieming Chen
10.1038/s41597-020-0495-6,10.48550/arxiv.2412.14373,2020,Patrick Wagner;Nils Strodthoff;Ralf-Dieter Bousseljot;D. Kreiseler;Fatima I. Lunze;Wojciech Samek;Tobias Schaeffter,2024,William Han;Chaojing Duan;Michael L. Rosenberg;Emerson Liu;Ding Zhao
10.1016/j.dib.2021.107320,10.1172/jci.insight.154395,2021,Christian Schinke;Valeria Fernández Vallone;Andranik Ivanov;Yangfan Peng;Péter Körtvélyessy;Luca Nolte;Petra Huehnchen;Dieter Beule;Harald Stachelscheid;Wolfgang Boehmerle;Matthias Endres,2022,Petra Huehnchen;Christian Schinke;Nikola Bangemann;Adam D. Dordevic;Johannes S. Kern;Smilla K. Maierhof;Lois Hew;Luca Nolte;Péter Körtvélyessy;Jens Göpfert;Klemens Ruprecht;Christopher J. Somps;Jens‐Uwe Blohmer;Jalid Sehouli;Matthias Endres;Wolfgang Boehmerle
10.1016/j.dib.2021.107320,10.1097/j.pain.0000000000003193,2021,Christian Schinke;Valeria Fernández Vallone;Andranik Ivanov;Yangfan Peng;Péter Körtvélyessy;Luca Nolte;Petra Huehnchen;Dieter Beule;Harald Stachelscheid;Wolfgang Boehmerle;Matthias Endres,2024,Pascal S.H. Smulders;Kim Heikamp;Jeroen Hermanides;Markus W. Hollmann;Werner ten Hoope;Nina C. Weber
10.1016/j.dib.2022.108739,10.1016/j.iswa.2024.200382,2022,Lisa C. Adams;Marcus R. Makowski;Günther Engel;Maximilian Rattunde;Felix Busch;Patrick Asbach;Stefan M. Niehues;Shankeeth Vinayahalingam;Bram van Ginneken;Geert Litjens;Keno K. Bressem,2024,Kazi Shahriar Sanjid;Md. Shakib Shahariar Junayed;Md. Tanzim Hossain;Yu‐Long Wang;M. Monir Uddin;Sheikh Anisul Haque
10.1016/j.dib.2022.108739,https://openaccess.thecvf.com/content/cvpr2024w/dcami/html/redekop_codebook_vq-vae_approach_for_prostate_cancer_diagnosis_using_multiparametric_mri_cvprw_2024_paper.html,2022,Lisa C. Adams;Marcus R. Makowski;Günther Engel;Maximilian Rattunde;Felix Busch;Patrick Asbach;Stefan M. Niehues;Shankeeth Vinayahalingam;Bram van Ginneken;Geert Litjens;Keno K. Bressem,NA,NA
10.1016/j.dib.2022.108739,10.1016/j.mri.2024.03.018,2022,Lisa C. Adams;Marcus R. Makowski;Günther Engel;Maximilian Rattunde;Felix Busch;Patrick Asbach;Stefan M. Niehues;Shankeeth Vinayahalingam;Bram van Ginneken;Geert Litjens;Keno K. Bressem,2024,Ronal Coronado;Carlos Castillo‐Passi;Cecilia Besa;Pablo Irarrázaval
10.1016/j.dib.2022.108739,10.48550/arxiv.2404.15320,2022,Lisa C. Adams;Marcus R. Makowski;Günther Engel;Maximilian Rattunde;Felix Busch;Patrick Asbach;Stefan M. Niehues;Shankeeth Vinayahalingam;Bram van Ginneken;Geert Litjens;Keno K. Bressem,2024,Joan Giner-Miguelez;Abel Gómez;Jordi Cabot
10.1038/s41597-022-01401-7,10.48550/arxiv.2502.11638,2022,Sook‐Lei Liew;Bethany Lo;Miranda R. Donnelly;Artemis Zavaliangos‐Petropulu;Jessica N. Jeong;Giuseppe Barisano;A. Hutton;Julia Pia Simon;Julia M. Juliano;Anisha Suri;Zhizhuo Wang;Aisha Abdullah;Jun Kim;Tyler Ard;Nerisa Banaj;Michael R. Borich;Lara A. Boyd;Amy Brodtmann;Cathrin M. Buetefisch;Lei Cao;Jessica M. Cassidy;Valentina Ciullo;Adriana Bastos Conforto;Steven C. Cramer;Rosalía Dacosta‐Aguayo;Ezequiel de la Rosa;Martin Domín;Adrienne N. Dula;Wuwei Feng;Alexandre R. Franco;Fatemeh Geranmayeh;Alexandre Gramfort;Chris M. Gregory;Colleen A. Hanlon;Brenton Hordacre;Steven A. Kautz;Mohamed Salah Khlif;Hosung Kim;Jan S. Kirschke;Jingchun Liu;Martín Lotze;Bradley J. MacIntosh;María Mataró;Feroze B. Mohamed;Jan Egil Nordvik;Gilsoon Park;Amy Pienta;Fabrizio Piras;Shane M. Redman;Kate Revill;Mauricio Reyes;Andrew D. Robertson;Na Jin Seo;Surjo R. Soekadar;Gianfranco Spalletta;Alison Sweet;Maria Teleńczuk;Gregory Thielman;Lars T. Westlye;Carolee J. Winstein;George F. Wittenberg;Kristin A. Wong;Chunshui Yu,2025,Dariush Lotfi;Mohammad-Ali Nikouei Mahani;Mohamad Koohi‐Moghadam;Kyongtae Ty Bae
10.1038/s41597-022-01401-7,10.48550/arxiv.2502.12181,2022,Sook‐Lei Liew;Bethany Lo;Miranda R. Donnelly;Artemis Zavaliangos‐Petropulu;Jessica N. Jeong;Giuseppe Barisano;A. Hutton;Julia Pia Simon;Julia M. Juliano;Anisha Suri;Zhizhuo Wang;Aisha Abdullah;Jun Kim;Tyler Ard;Nerisa Banaj;Michael R. Borich;Lara A. Boyd;Amy Brodtmann;Cathrin M. Buetefisch;Lei Cao;Jessica M. Cassidy;Valentina Ciullo;Adriana Bastos Conforto;Steven C. Cramer;Rosalía Dacosta‐Aguayo;Ezequiel de la Rosa;Martin Domín;Adrienne N. Dula;Wuwei Feng;Alexandre R. Franco;Fatemeh Geranmayeh;Alexandre Gramfort;Chris M. Gregory;Colleen A. Hanlon;Brenton Hordacre;Steven A. Kautz;Mohamed Salah Khlif;Hosung Kim;Jan S. Kirschke;Jingchun Liu;Martín Lotze;Bradley J. MacIntosh;María Mataró;Feroze B. Mohamed;Jan Egil Nordvik;Gilsoon Park;Amy Pienta;Fabrizio Piras;Shane M. Redman;Kate Revill;Mauricio Reyes;Andrew D. Robertson;Na Jin Seo;Surjo R. Soekadar;Gianfranco Spalletta;Alison Sweet;Maria Teleńczuk;Gregory Thielman;Lars T. Westlye;Carolee J. Winstein;George F. Wittenberg;Kristin A. Wong;Chunshui Yu,2025,Melane Navaratnarajah;Sophie Martin;David A. Kelly;Nathan Blake;Hana Chocker
10.1038/s41597-022-01401-7,10.1038/s41467-025-56321-y,2022,Sook‐Lei Liew;Bethany Lo;Miranda R. Donnelly;Artemis Zavaliangos‐Petropulu;Jessica N. Jeong;Giuseppe Barisano;A. Hutton;Julia Pia Simon;Julia M. Juliano;Anisha Suri;Zhizhuo Wang;Aisha Abdullah;Jun Kim;Tyler Ard;Nerisa Banaj;Michael R. Borich;Lara A. Boyd;Amy Brodtmann;Cathrin M. Buetefisch;Lei Cao;Jessica M. Cassidy;Valentina Ciullo;Adriana Bastos Conforto;Steven C. Cramer;Rosalía Dacosta‐Aguayo;Ezequiel de la Rosa;Martin Domín;Adrienne N. Dula;Wuwei Feng;Alexandre R. Franco;Fatemeh Geranmayeh;Alexandre Gramfort;Chris M. Gregory;Colleen A. Hanlon;Brenton Hordacre;Steven A. Kautz;Mohamed Salah Khlif;Hosung Kim;Jan S. Kirschke;Jingchun Liu;Martín Lotze;Bradley J. MacIntosh;María Mataró;Feroze B. Mohamed;Jan Egil Nordvik;Gilsoon Park;Amy Pienta;Fabrizio Piras;Shane M. Redman;Kate Revill;Mauricio Reyes;Andrew D. Robertson;Na Jin Seo;Surjo R. Soekadar;Gianfranco Spalletta;Alison Sweet;Maria Teleńczuk;Gregory Thielman;Lars T. Westlye;Carolee J. Winstein;George F. Wittenberg;Kristin A. Wong;Chunshui Yu,2025,Cosmin I. Bercea;Benedikt Wiestler;Daniel Rueckert;Julia A. Schnabel
10.1038/s41597-022-01401-7,10.48550/arxiv.2502.08675,2022,Sook‐Lei Liew;Bethany Lo;Miranda R. Donnelly;Artemis Zavaliangos‐Petropulu;Jessica N. Jeong;Giuseppe Barisano;A. Hutton;Julia Pia Simon;Julia M. Juliano;Anisha Suri;Zhizhuo Wang;Aisha Abdullah;Jun Kim;Tyler Ard;Nerisa Banaj;Michael R. Borich;Lara A. Boyd;Amy Brodtmann;Cathrin M. Buetefisch;Lei Cao;Jessica M. Cassidy;Valentina Ciullo;Adriana Bastos Conforto;Steven C. Cramer;Rosalía Dacosta‐Aguayo;Ezequiel de la Rosa;Martin Domín;Adrienne N. Dula;Wuwei Feng;Alexandre R. Franco;Fatemeh Geranmayeh;Alexandre Gramfort;Chris M. Gregory;Colleen A. Hanlon;Brenton Hordacre;Steven A. Kautz;Mohamed Salah Khlif;Hosung Kim;Jan S. Kirschke;Jingchun Liu;Martín Lotze;Bradley J. MacIntosh;María Mataró;Feroze B. Mohamed;Jan Egil Nordvik;Gilsoon Park;Amy Pienta;Fabrizio Piras;Shane M. Redman;Kate Revill;Mauricio Reyes;Andrew D. Robertson;Na Jin Seo;Surjo R. Soekadar;Gianfranco Spalletta;Alison Sweet;Maria Teleńczuk;Gregory Thielman;Lars T. Westlye;Carolee J. Winstein;George F. Wittenberg;Kristin A. Wong;Chunshui Yu,2025,Chuhan Wang;Zhenghao Chen;Jean Yang;Jinman Kim
10.1038/s41597-022-01401-7,10.48550/arxiv.2501.15423,2022,Sook‐Lei Liew;Bethany Lo;Miranda R. Donnelly;Artemis Zavaliangos‐Petropulu;Jessica N. Jeong;Giuseppe Barisano;A. Hutton;Julia Pia Simon;Julia M. Juliano;Anisha Suri;Zhizhuo Wang;Aisha Abdullah;Jun Kim;Tyler Ard;Nerisa Banaj;Michael R. Borich;Lara A. Boyd;Amy Brodtmann;Cathrin M. Buetefisch;Lei Cao;Jessica M. Cassidy;Valentina Ciullo;Adriana Bastos Conforto;Steven C. Cramer;Rosalía Dacosta‐Aguayo;Ezequiel de la Rosa;Martin Domín;Adrienne N. Dula;Wuwei Feng;Alexandre R. Franco;Fatemeh Geranmayeh;Alexandre Gramfort;Chris M. Gregory;Colleen A. Hanlon;Brenton Hordacre;Steven A. Kautz;Mohamed Salah Khlif;Hosung Kim;Jan S. Kirschke;Jingchun Liu;Martín Lotze;Bradley J. MacIntosh;María Mataró;Feroze B. Mohamed;Jan Egil Nordvik;Gilsoon Park;Amy Pienta;Fabrizio Piras;Shane M. Redman;Kate Revill;Mauricio Reyes;Andrew D. Robertson;Na Jin Seo;Surjo R. Soekadar;Gianfranco Spalletta;Alison Sweet;Maria Teleńczuk;Gregory Thielman;Lars T. Westlye;Carolee J. Winstein;George F. Wittenberg;Kristin A. Wong;Chunshui Yu,2025,Liang Shang;William A. Sethares;Anusha Adluru;Andrew L. Alexander;Vivek Prabhakaran;Veena A. Nair;Nagesh Adluru
10.1038/s41597-022-01401-7,10.1016/j.neuroscience.2025.01.020,2022,Sook‐Lei Liew;Bethany Lo;Miranda R. Donnelly;Artemis Zavaliangos‐Petropulu;Jessica N. Jeong;Giuseppe Barisano;A. Hutton;Julia Pia Simon;Julia M. Juliano;Anisha Suri;Zhizhuo Wang;Aisha Abdullah;Jun Kim;Tyler Ard;Nerisa Banaj;Michael R. Borich;Lara A. Boyd;Amy Brodtmann;Cathrin M. Buetefisch;Lei Cao;Jessica M. Cassidy;Valentina Ciullo;Adriana Bastos Conforto;Steven C. Cramer;Rosalía Dacosta‐Aguayo;Ezequiel de la Rosa;Martin Domín;Adrienne N. Dula;Wuwei Feng;Alexandre R. Franco;Fatemeh Geranmayeh;Alexandre Gramfort;Chris M. Gregory;Colleen A. Hanlon;Brenton Hordacre;Steven A. Kautz;Mohamed Salah Khlif;Hosung Kim;Jan S. Kirschke;Jingchun Liu;Martín Lotze;Bradley J. MacIntosh;María Mataró;Feroze B. Mohamed;Jan Egil Nordvik;Gilsoon Park;Amy Pienta;Fabrizio Piras;Shane M. Redman;Kate Revill;Mauricio Reyes;Andrew D. Robertson;Na Jin Seo;Surjo R. Soekadar;Gianfranco Spalletta;Alison Sweet;Maria Teleńczuk;Gregory Thielman;Lars T. Westlye;Carolee J. Winstein;George F. Wittenberg;Kristin A. Wong;Chunshui Yu,2025,Bilal Bayram;İsmail Kunduracıoğlu;Suat İnce;İshak Paçal
10.1038/s41597-022-01401-7,10.1109/access.2024.3522214,2022,Sook‐Lei Liew;Bethany Lo;Miranda R. Donnelly;Artemis Zavaliangos‐Petropulu;Jessica N. Jeong;Giuseppe Barisano;A. Hutton;Julia Pia Simon;Julia M. Juliano;Anisha Suri;Zhizhuo Wang;Aisha Abdullah;Jun Kim;Tyler Ard;Nerisa Banaj;Michael R. Borich;Lara A. Boyd;Amy Brodtmann;Cathrin M. Buetefisch;Lei Cao;Jessica M. Cassidy;Valentina Ciullo;Adriana Bastos Conforto;Steven C. Cramer;Rosalía Dacosta‐Aguayo;Ezequiel de la Rosa;Martin Domín;Adrienne N. Dula;Wuwei Feng;Alexandre R. Franco;Fatemeh Geranmayeh;Alexandre Gramfort;Chris M. Gregory;Colleen A. Hanlon;Brenton Hordacre;Steven A. Kautz;Mohamed Salah Khlif;Hosung Kim;Jan S. Kirschke;Jingchun Liu;Martín Lotze;Bradley J. MacIntosh;María Mataró;Feroze B. Mohamed;Jan Egil Nordvik;Gilsoon Park;Amy Pienta;Fabrizio Piras;Shane M. Redman;Kate Revill;Mauricio Reyes;Andrew D. Robertson;Na Jin Seo;Surjo R. Soekadar;Gianfranco Spalletta;Alison Sweet;Maria Teleńczuk;Gregory Thielman;Lars T. Westlye;Carolee J. Winstein;George F. Wittenberg;Kristin A. Wong;Chunshui Yu,2024,Ahmed M.S. Soliman;Yalda Zafari-Ghadim;Yousif Yousif;Ahmed Ibrahim;Amr Mohamed;Essam A. Rashed;Mohamed A. Mabrok
10.1038/s41597-022-01401-7,10.48550/arxiv.2412.08081,2022,Sook‐Lei Liew;Bethany Lo;Miranda R. Donnelly;Artemis Zavaliangos‐Petropulu;Jessica N. Jeong;Giuseppe Barisano;A. Hutton;Julia Pia Simon;Julia M. Juliano;Anisha Suri;Zhizhuo Wang;Aisha Abdullah;Jun Kim;Tyler Ard;Nerisa Banaj;Michael R. Borich;Lara A. Boyd;Amy Brodtmann;Cathrin M. Buetefisch;Lei Cao;Jessica M. Cassidy;Valentina Ciullo;Adriana Bastos Conforto;Steven C. Cramer;Rosalía Dacosta‐Aguayo;Ezequiel de la Rosa;Martin Domín;Adrienne N. Dula;Wuwei Feng;Alexandre R. Franco;Fatemeh Geranmayeh;Alexandre Gramfort;Chris M. Gregory;Colleen A. Hanlon;Brenton Hordacre;Steven A. Kautz;Mohamed Salah Khlif;Hosung Kim;Jan S. Kirschke;Jingchun Liu;Martín Lotze;Bradley J. MacIntosh;María Mataró;Feroze B. Mohamed;Jan Egil Nordvik;Gilsoon Park;Amy Pienta;Fabrizio Piras;Shane M. Redman;Kate Revill;Mauricio Reyes;Andrew D. Robertson;Na Jin Seo;Surjo R. Soekadar;Gianfranco Spalletta;Alison Sweet;Maria Teleńczuk;Gregory Thielman;Lars T. Westlye;Carolee J. Winstein;George F. Wittenberg;Kristin A. Wong;Chunshui Yu,2024,Yixin Zhang;Kevin Kramer;Maciej A. Mazurowski
10.1038/s41597-022-01401-7,10.48550/arxiv.2411.19564,2022,Sook‐Lei Liew;Bethany Lo;Miranda R. Donnelly;Artemis Zavaliangos‐Petropulu;Jessica N. Jeong;Giuseppe Barisano;A. Hutton;Julia Pia Simon;Julia M. Juliano;Anisha Suri;Zhizhuo Wang;Aisha Abdullah;Jun Kim;Tyler Ard;Nerisa Banaj;Michael R. Borich;Lara A. Boyd;Amy Brodtmann;Cathrin M. Buetefisch;Lei Cao;Jessica M. Cassidy;Valentina Ciullo;Adriana Bastos Conforto;Steven C. Cramer;Rosalía Dacosta‐Aguayo;Ezequiel de la Rosa;Martin Domín;Adrienne N. Dula;Wuwei Feng;Alexandre R. Franco;Fatemeh Geranmayeh;Alexandre Gramfort;Chris M. Gregory;Colleen A. Hanlon;Brenton Hordacre;Steven A. Kautz;Mohamed Salah Khlif;Hosung Kim;Jan S. Kirschke;Jingchun Liu;Martín Lotze;Bradley J. MacIntosh;María Mataró;Feroze B. Mohamed;Jan Egil Nordvik;Gilsoon Park;Amy Pienta;Fabrizio Piras;Shane M. Redman;Kate Revill;Mauricio Reyes;Andrew D. Robertson;Na Jin Seo;Surjo R. Soekadar;Gianfranco Spalletta;Alison Sweet;Maria Teleńczuk;Gregory Thielman;Lars T. Westlye;Carolee J. Winstein;George F. Wittenberg;Kristin A. Wong;Chunshui Yu,2024,William Pham;A Jarema;Donggyu Rim;Zhibin Chen;Mohamed Salah Khlif;Vaughan G. Macefield;Luke A. Henderson;Amy Brodtmann
10.1038/s41597-022-01401-7,10.11239/jsmbe.annual62.400,2022,Sook‐Lei Liew;Bethany Lo;Miranda R. Donnelly;Artemis Zavaliangos‐Petropulu;Jessica N. Jeong;Giuseppe Barisano;A. Hutton;Julia Pia Simon;Julia M. Juliano;Anisha Suri;Zhizhuo Wang;Aisha Abdullah;Jun Kim;Tyler Ard;Nerisa Banaj;Michael R. Borich;Lara A. Boyd;Amy Brodtmann;Cathrin M. Buetefisch;Lei Cao;Jessica M. Cassidy;Valentina Ciullo;Adriana Bastos Conforto;Steven C. Cramer;Rosalía Dacosta‐Aguayo;Ezequiel de la Rosa;Martin Domín;Adrienne N. Dula;Wuwei Feng;Alexandre R. Franco;Fatemeh Geranmayeh;Alexandre Gramfort;Chris M. Gregory;Colleen A. Hanlon;Brenton Hordacre;Steven A. Kautz;Mohamed Salah Khlif;Hosung Kim;Jan S. Kirschke;Jingchun Liu;Martín Lotze;Bradley J. MacIntosh;María Mataró;Feroze B. Mohamed;Jan Egil Nordvik;Gilsoon Park;Amy Pienta;Fabrizio Piras;Shane M. Redman;Kate Revill;Mauricio Reyes;Andrew D. Robertson;Na Jin Seo;Surjo R. Soekadar;Gianfranco Spalletta;Alison Sweet;Maria Teleńczuk;Gregory Thielman;Lars T. Westlye;Carolee J. Winstein;George F. Wittenberg;Kristin A. Wong;Chunshui Yu,NA,Muhammad_manual
10.1038/s41597-022-01401-7,10.1007/978-3-031-81101-2_5,2022,Sook‐Lei Liew;Bethany Lo;Miranda R. Donnelly;Artemis Zavaliangos‐Petropulu;Jessica N. Jeong;Giuseppe Barisano;A. Hutton;Julia Pia Simon;Julia M. Juliano;Anisha Suri;Zhizhuo Wang;Aisha Abdullah;Jun Kim;Tyler Ard;Nerisa Banaj;Michael R. Borich;Lara A. Boyd;Amy Brodtmann;Cathrin M. Buetefisch;Lei Cao;Jessica M. Cassidy;Valentina Ciullo;Adriana Bastos Conforto;Steven C. Cramer;Rosalía Dacosta‐Aguayo;Ezequiel de la Rosa;Martin Domín;Adrienne N. Dula;Wuwei Feng;Alexandre R. Franco;Fatemeh Geranmayeh;Alexandre Gramfort;Chris M. Gregory;Colleen A. Hanlon;Brenton Hordacre;Steven A. Kautz;Mohamed Salah Khlif;Hosung Kim;Jan S. Kirschke;Jingchun Liu;Martín Lotze;Bradley J. MacIntosh;María Mataró;Feroze B. Mohamed;Jan Egil Nordvik;Gilsoon Park;Amy Pienta;Fabrizio Piras;Shane M. Redman;Kate Revill;Mauricio Reyes;Andrew D. Robertson;Na Jin Seo;Surjo R. Soekadar;Gianfranco Spalletta;Alison Sweet;Maria Teleńczuk;Gregory Thielman;Lars T. Westlye;Carolee J. Winstein;George F. Wittenberg;Kristin A. Wong;Chunshui Yu,2025,Zixin Liu;Haowen Pang;Xinru Zhang;Chuyang Ye
10.1038/s41597-022-01401-7,10.1093/braincomms/fcae254,2022,Sook‐Lei Liew;Bethany Lo;Miranda R. Donnelly;Artemis Zavaliangos‐Petropulu;Jessica N. Jeong;Giuseppe Barisano;A. Hutton;Julia Pia Simon;Julia M. Juliano;Anisha Suri;Zhizhuo Wang;Aisha Abdullah;Jun Kim;Tyler Ard;Nerisa Banaj;Michael R. Borich;Lara A. Boyd;Amy Brodtmann;Cathrin M. Buetefisch;Lei Cao;Jessica M. Cassidy;Valentina Ciullo;Adriana Bastos Conforto;Steven C. Cramer;Rosalía Dacosta‐Aguayo;Ezequiel de la Rosa;Martin Domín;Adrienne N. Dula;Wuwei Feng;Alexandre R. Franco;Fatemeh Geranmayeh;Alexandre Gramfort;Chris M. Gregory;Colleen A. Hanlon;Brenton Hordacre;Steven A. Kautz;Mohamed Salah Khlif;Hosung Kim;Jan S. Kirschke;Jingchun Liu;Martín Lotze;Bradley J. MacIntosh;María Mataró;Feroze B. Mohamed;Jan Egil Nordvik;Gilsoon Park;Amy Pienta;Fabrizio Piras;Shane M. Redman;Kate Revill;Mauricio Reyes;Andrew D. Robertson;Na Jin Seo;Surjo R. Soekadar;Gianfranco Spalletta;Alison Sweet;Maria Teleńczuk;Gregory Thielman;Lars T. Westlye;Carolee J. Winstein;George F. Wittenberg;Kristin A. Wong;Chunshui Yu,2024,Emily Olafson;Christoph Sperber;Keith Jamison;Mark Bowren;Aaron D. Boes;Justin W. Andrushko;Michael R. Borich;Lara A. Boyd;Jessica M. Cassidy;Adriana Bastos Conforto;Steven C. Cramer;Adrienne N. Dula;Fatemeh Geranmayeh;Brenton Hordacre;Neda Jahanshad;Steven A. Kautz;Bethany P. Tavenner;Bradley J. MacIntosh;Fabrizio Piras;Andrew D. Robertson;Na Jin Seo;Surjo R. Soekadar;Sophia I. Thomopoulos;Daniela Vecchio;Timothy B. Weng;Lars T. Westlye;Carolee J. Winstein;George F. Wittenberg;Kristin A. Wong;Paul M. Thompson;Sook‐Lei Liew;Amy Kuceyeski
10.1038/s41597-022-01401-7,10.1007/978-3-031-73281-2_16,2022,Sook‐Lei Liew;Bethany Lo;Miranda R. Donnelly;Artemis Zavaliangos‐Petropulu;Jessica N. Jeong;Giuseppe Barisano;A. Hutton;Julia Pia Simon;Julia M. Juliano;Anisha Suri;Zhizhuo Wang;Aisha Abdullah;Jun Kim;Tyler Ard;Nerisa Banaj;Michael R. Borich;Lara A. Boyd;Amy Brodtmann;Cathrin M. Buetefisch;Lei Cao;Jessica M. Cassidy;Valentina Ciullo;Adriana Bastos Conforto;Steven C. Cramer;Rosalía Dacosta‐Aguayo;Ezequiel de la Rosa;Martin Domín;Adrienne N. Dula;Wuwei Feng;Alexandre R. Franco;Fatemeh Geranmayeh;Alexandre Gramfort;Chris M. Gregory;Colleen A. Hanlon;Brenton Hordacre;Steven A. Kautz;Mohamed Salah Khlif;Hosung Kim;Jan S. Kirschke;Jingchun Liu;Martín Lotze;Bradley J. MacIntosh;María Mataró;Feroze B. Mohamed;Jan Egil Nordvik;Gilsoon Park;Amy Pienta;Fabrizio Piras;Shane M. Redman;Kate Revill;Mauricio Reyes;Andrew D. Robertson;Na Jin Seo;Surjo R. Soekadar;Gianfranco Spalletta;Alison Sweet;Maria Teleńczuk;Gregory Thielman;Lars T. Westlye;Carolee J. Winstein;George F. Wittenberg;Kristin A. Wong;Chunshui Yu,2024,Malek Ben Alaya;Daniel M. Lang;Benedikt Wiestler;Julia A. Schnabel;Cosmin I. Bercea
10.1038/s41597-022-01401-7,10.1007/978-3-031-78761-4_11,2022,Sook‐Lei Liew;Bethany Lo;Miranda R. Donnelly;Artemis Zavaliangos‐Petropulu;Jessica N. Jeong;Giuseppe Barisano;A. Hutton;Julia Pia Simon;Julia M. Juliano;Anisha Suri;Zhizhuo Wang;Aisha Abdullah;Jun Kim;Tyler Ard;Nerisa Banaj;Michael R. Borich;Lara A. Boyd;Amy Brodtmann;Cathrin M. Buetefisch;Lei Cao;Jessica M. Cassidy;Valentina Ciullo;Adriana Bastos Conforto;Steven C. Cramer;Rosalía Dacosta‐Aguayo;Ezequiel de la Rosa;Martin Domín;Adrienne N. Dula;Wuwei Feng;Alexandre R. Franco;Fatemeh Geranmayeh;Alexandre Gramfort;Chris M. Gregory;Colleen A. Hanlon;Brenton Hordacre;Steven A. Kautz;Mohamed Salah Khlif;Hosung Kim;Jan S. Kirschke;Jingchun Liu;Martín Lotze;Bradley J. MacIntosh;María Mataró;Feroze B. Mohamed;Jan Egil Nordvik;Gilsoon Park;Amy Pienta;Fabrizio Piras;Shane M. Redman;Kate Revill;Mauricio Reyes;Andrew D. Robertson;Na Jin Seo;Surjo R. Soekadar;Gianfranco Spalletta;Alison Sweet;Maria Teleńczuk;Gregory Thielman;Lars T. Westlye;Carolee J. Winstein;George F. Wittenberg;Kristin A. Wong;Chunshui Yu,2024,Liang Shang;Zhengyang Lou;Andrew L. Alexander;Vivek Prabhakaran;William A. Sethares;Veena A. Nair;Nagesh Adluru
10.1038/s41597-022-01401-7,10.1002/hbm.26803,2022,Sook‐Lei Liew;Bethany Lo;Miranda R. Donnelly;Artemis Zavaliangos‐Petropulu;Jessica N. Jeong;Giuseppe Barisano;A. Hutton;Julia Pia Simon;Julia M. Juliano;Anisha Suri;Zhizhuo Wang;Aisha Abdullah;Jun Kim;Tyler Ard;Nerisa Banaj;Michael R. Borich;Lara A. Boyd;Amy Brodtmann;Cathrin M. Buetefisch;Lei Cao;Jessica M. Cassidy;Valentina Ciullo;Adriana Bastos Conforto;Steven C. Cramer;Rosalía Dacosta‐Aguayo;Ezequiel de la Rosa;Martin Domín;Adrienne N. Dula;Wuwei Feng;Alexandre R. Franco;Fatemeh Geranmayeh;Alexandre Gramfort;Chris M. Gregory;Colleen A. Hanlon;Brenton Hordacre;Steven A. Kautz;Mohamed Salah Khlif;Hosung Kim;Jan S. Kirschke;Jingchun Liu;Martín Lotze;Bradley J. MacIntosh;María Mataró;Feroze B. Mohamed;Jan Egil Nordvik;Gilsoon Park;Amy Pienta;Fabrizio Piras;Shane M. Redman;Kate Revill;Mauricio Reyes;Andrew D. Robertson;Na Jin Seo;Surjo R. Soekadar;Gianfranco Spalletta;Alison Sweet;Maria Teleńczuk;Gregory Thielman;Lars T. Westlye;Carolee J. Winstein;George F. Wittenberg;Kristin A. Wong;Chunshui Yu,2024,Ramsha Ahmed;Aamna Al Shehhi;Naoufel Werghi;Mohamed L. Seghier
10.1038/s41597-022-01401-7,10.48550/arxiv.2406.14826,2022,Sook‐Lei Liew;Bethany Lo;Miranda R. Donnelly;Artemis Zavaliangos‐Petropulu;Jessica N. Jeong;Giuseppe Barisano;A. Hutton;Julia Pia Simon;Julia M. Juliano;Anisha Suri;Zhizhuo Wang;Aisha Abdullah;Jun Kim;Tyler Ard;Nerisa Banaj;Michael R. Borich;Lara A. Boyd;Amy Brodtmann;Cathrin M. Buetefisch;Lei Cao;Jessica M. Cassidy;Valentina Ciullo;Adriana Bastos Conforto;Steven C. Cramer;Rosalía Dacosta‐Aguayo;Ezequiel de la Rosa;Martin Domín;Adrienne N. Dula;Wuwei Feng;Alexandre R. Franco;Fatemeh Geranmayeh;Alexandre Gramfort;Chris M. Gregory;Colleen A. Hanlon;Brenton Hordacre;Steven A. Kautz;Mohamed Salah Khlif;Hosung Kim;Jan S. Kirschke;Jingchun Liu;Martín Lotze;Bradley J. MacIntosh;María Mataró;Feroze B. Mohamed;Jan Egil Nordvik;Gilsoon Park;Amy Pienta;Fabrizio Piras;Shane M. Redman;Kate Revill;Mauricio Reyes;Andrew D. Robertson;Na Jin Seo;Surjo R. Soekadar;Gianfranco Spalletta;Alison Sweet;Maria Teleńczuk;Gregory Thielman;Lars T. Westlye;Carolee J. Winstein;George F. Wittenberg;Kristin A. Wong;Chunshui Yu,2024,Jiayu Huo;Sébastien Ourselin;Rachel Sparks
10.1038/s41597-022-01401-7,10.1016/j.media.2024.103301,2022,Sook‐Lei Liew;Bethany Lo;Miranda R. Donnelly;Artemis Zavaliangos‐Petropulu;Jessica N. Jeong;Giuseppe Barisano;A. Hutton;Julia Pia Simon;Julia M. Juliano;Anisha Suri;Zhizhuo Wang;Aisha Abdullah;Jun Kim;Tyler Ard;Nerisa Banaj;Michael R. Borich;Lara A. Boyd;Amy Brodtmann;Cathrin M. Buetefisch;Lei Cao;Jessica M. Cassidy;Valentina Ciullo;Adriana Bastos Conforto;Steven C. Cramer;Rosalía Dacosta‐Aguayo;Ezequiel de la Rosa;Martin Domín;Adrienne N. Dula;Wuwei Feng;Alexandre R. Franco;Fatemeh Geranmayeh;Alexandre Gramfort;Chris M. Gregory;Colleen A. Hanlon;Brenton Hordacre;Steven A. Kautz;Mohamed Salah Khlif;Hosung Kim;Jan S. Kirschke;Jingchun Liu;Martín Lotze;Bradley J. MacIntosh;María Mataró;Feroze B. Mohamed;Jan Egil Nordvik;Gilsoon Park;Amy Pienta;Fabrizio Piras;Shane M. Redman;Kate Revill;Mauricio Reyes;Andrew D. Robertson;Na Jin Seo;Surjo R. Soekadar;Gianfranco Spalletta;Alison Sweet;Maria Teleńczuk;Gregory Thielman;Lars T. Westlye;Carolee J. Winstein;George F. Wittenberg;Kristin A. Wong;Chunshui Yu,2024,J. Charles Cox;Peng Liu;Skylar E. Stolte;Yunchao Yang;Kang Liu;Kyle B. See;Huiwen Ju;Ruogu Fang
10.1038/s41597-022-01401-7,10.48550/arxiv.2406.06017,2022,Sook‐Lei Liew;Bethany Lo;Miranda R. Donnelly;Artemis Zavaliangos‐Petropulu;Jessica N. Jeong;Giuseppe Barisano;A. Hutton;Julia Pia Simon;Julia M. Juliano;Anisha Suri;Zhizhuo Wang;Aisha Abdullah;Jun Kim;Tyler Ard;Nerisa Banaj;Michael R. Borich;Lara A. Boyd;Amy Brodtmann;Cathrin M. Buetefisch;Lei Cao;Jessica M. Cassidy;Valentina Ciullo;Adriana Bastos Conforto;Steven C. Cramer;Rosalía Dacosta‐Aguayo;Ezequiel de la Rosa;Martin Domín;Adrienne N. Dula;Wuwei Feng;Alexandre R. Franco;Fatemeh Geranmayeh;Alexandre Gramfort;Chris M. Gregory;Colleen A. Hanlon;Brenton Hordacre;Steven A. Kautz;Mohamed Salah Khlif;Hosung Kim;Jan S. Kirschke;Jingchun Liu;Martín Lotze;Bradley J. MacIntosh;María Mataró;Feroze B. Mohamed;Jan Egil Nordvik;Gilsoon Park;Amy Pienta;Fabrizio Piras;Shane M. Redman;Kate Revill;Mauricio Reyes;Andrew D. Robertson;Na Jin Seo;Surjo R. Soekadar;Gianfranco Spalletta;Alison Sweet;Maria Teleńczuk;Gregory Thielman;Lars T. Westlye;Carolee J. Winstein;George F. Wittenberg;Kristin A. Wong;Chunshui Yu,2024,Muhammad Nouman;Mohamed A. Mabrok;Essam A. Rashed
10.1038/s41597-022-01401-7,10.3389/fnins.2024.1401329,2022,Sook‐Lei Liew;Bethany Lo;Miranda R. Donnelly;Artemis Zavaliangos‐Petropulu;Jessica N. Jeong;Giuseppe Barisano;A. Hutton;Julia Pia Simon;Julia M. Juliano;Anisha Suri;Zhizhuo Wang;Aisha Abdullah;Jun Kim;Tyler Ard;Nerisa Banaj;Michael R. Borich;Lara A. Boyd;Amy Brodtmann;Cathrin M. Buetefisch;Lei Cao;Jessica M. Cassidy;Valentina Ciullo;Adriana Bastos Conforto;Steven C. Cramer;Rosalía Dacosta‐Aguayo;Ezequiel de la Rosa;Martin Domín;Adrienne N. Dula;Wuwei Feng;Alexandre R. Franco;Fatemeh Geranmayeh;Alexandre Gramfort;Chris M. Gregory;Colleen A. Hanlon;Brenton Hordacre;Steven A. Kautz;Mohamed Salah Khlif;Hosung Kim;Jan S. Kirschke;Jingchun Liu;Martín Lotze;Bradley J. MacIntosh;María Mataró;Feroze B. Mohamed;Jan Egil Nordvik;Gilsoon Park;Amy Pienta;Fabrizio Piras;Shane M. Redman;Kate Revill;Mauricio Reyes;Andrew D. Robertson;Na Jin Seo;Surjo R. Soekadar;Gianfranco Spalletta;Alison Sweet;Maria Teleńczuk;Gregory Thielman;Lars T. Westlye;Carolee J. Winstein;George F. Wittenberg;Kristin A. Wong;Chunshui Yu,2024,Ming Yanzhen;Chen Song;Wanping Li;Yang Zufang;Alan Wang
10.1038/s41597-022-01401-7,10.1145/3665026.3665049,2022,Sook‐Lei Liew;Bethany Lo;Miranda R. Donnelly;Artemis Zavaliangos‐Petropulu;Jessica N. Jeong;Giuseppe Barisano;A. Hutton;Julia Pia Simon;Julia M. Juliano;Anisha Suri;Zhizhuo Wang;Aisha Abdullah;Jun Kim;Tyler Ard;Nerisa Banaj;Michael R. Borich;Lara A. Boyd;Amy Brodtmann;Cathrin M. Buetefisch;Lei Cao;Jessica M. Cassidy;Valentina Ciullo;Adriana Bastos Conforto;Steven C. Cramer;Rosalía Dacosta‐Aguayo;Ezequiel de la Rosa;Martin Domín;Adrienne N. Dula;Wuwei Feng;Alexandre R. Franco;Fatemeh Geranmayeh;Alexandre Gramfort;Chris M. Gregory;Colleen A. Hanlon;Brenton Hordacre;Steven A. Kautz;Mohamed Salah Khlif;Hosung Kim;Jan S. Kirschke;Jingchun Liu;Martín Lotze;Bradley J. MacIntosh;María Mataró;Feroze B. Mohamed;Jan Egil Nordvik;Gilsoon Park;Amy Pienta;Fabrizio Piras;Shane M. Redman;Kate Revill;Mauricio Reyes;Andrew D. Robertson;Na Jin Seo;Surjo R. Soekadar;Gianfranco Spalletta;Alison Sweet;Maria Teleńczuk;Gregory Thielman;Lars T. Westlye;Carolee J. Winstein;George F. Wittenberg;Kristin A. Wong;Chunshui Yu,2024,Muhammad Nouman;Mohamed A. Mabrok;Essam A. Rashed
10.1038/s41597-022-01401-7,10.1145/3665026.3665045,2022,Sook‐Lei Liew;Bethany Lo;Miranda R. Donnelly;Artemis Zavaliangos‐Petropulu;Jessica N. Jeong;Giuseppe Barisano;A. Hutton;Julia Pia Simon;Julia M. Juliano;Anisha Suri;Zhizhuo Wang;Aisha Abdullah;Jun Kim;Tyler Ard;Nerisa Banaj;Michael R. Borich;Lara A. Boyd;Amy Brodtmann;Cathrin M. Buetefisch;Lei Cao;Jessica M. Cassidy;Valentina Ciullo;Adriana Bastos Conforto;Steven C. Cramer;Rosalía Dacosta‐Aguayo;Ezequiel de la Rosa;Martin Domín;Adrienne N. Dula;Wuwei Feng;Alexandre R. Franco;Fatemeh Geranmayeh;Alexandre Gramfort;Chris M. Gregory;Colleen A. Hanlon;Brenton Hordacre;Steven A. Kautz;Mohamed Salah Khlif;Hosung Kim;Jan S. Kirschke;Jingchun Liu;Martín Lotze;Bradley J. MacIntosh;María Mataró;Feroze B. Mohamed;Jan Egil Nordvik;Gilsoon Park;Amy Pienta;Fabrizio Piras;Shane M. Redman;Kate Revill;Mauricio Reyes;Andrew D. Robertson;Na Jin Seo;Surjo R. Soekadar;Gianfranco Spalletta;Alison Sweet;Maria Teleńczuk;Gregory Thielman;Lars T. Westlye;Carolee J. Winstein;George F. Wittenberg;Kristin A. Wong;Chunshui Yu,2024,Ahmed M.S. Soliman;Yalda Zafari-Ghadim;Essam A. Rashed;Mohamed A. Mabrok
10.1038/s41597-022-01401-7,10.48550/arxiv.2403.17177,2022,Sook‐Lei Liew;Bethany Lo;Miranda R. Donnelly;Artemis Zavaliangos‐Petropulu;Jessica N. Jeong;Giuseppe Barisano;A. Hutton;Julia Pia Simon;Julia M. Juliano;Anisha Suri;Zhizhuo Wang;Aisha Abdullah;Jun Kim;Tyler Ard;Nerisa Banaj;Michael R. Borich;Lara A. Boyd;Amy Brodtmann;Cathrin M. Buetefisch;Lei Cao;Jessica M. Cassidy;Valentina Ciullo;Adriana Bastos Conforto;Steven C. Cramer;Rosalía Dacosta‐Aguayo;Ezequiel de la Rosa;Martin Domín;Adrienne N. Dula;Wuwei Feng;Alexandre R. Franco;Fatemeh Geranmayeh;Alexandre Gramfort;Chris M. Gregory;Colleen A. Hanlon;Brenton Hordacre;Steven A. Kautz;Mohamed Salah Khlif;Hosung Kim;Jan S. Kirschke;Jingchun Liu;Martín Lotze;Bradley J. MacIntosh;María Mataró;Feroze B. Mohamed;Jan Egil Nordvik;Gilsoon Park;Amy Pienta;Fabrizio Piras;Shane M. Redman;Kate Revill;Mauricio Reyes;Andrew D. Robertson;Na Jin Seo;Surjo R. Soekadar;Gianfranco Spalletta;Alison Sweet;Maria Teleńczuk;Gregory Thielman;Lars T. Westlye;Carolee J. Winstein;George F. Wittenberg;Kristin A. Wong;Chunshui Yu,2024,Ahmed Soliman;Yousif Yousif;Ahmed Ibrahim;Yalda Zafari-Ghadim;Essam A. Rashed;Mohamed A. Mabrok
10.1038/s41597-022-01401-7,10.1002/nbm.5143,2022,Sook‐Lei Liew;Bethany Lo;Miranda R. Donnelly;Artemis Zavaliangos‐Petropulu;Jessica N. Jeong;Giuseppe Barisano;A. Hutton;Julia Pia Simon;Julia M. Juliano;Anisha Suri;Zhizhuo Wang;Aisha Abdullah;Jun Kim;Tyler Ard;Nerisa Banaj;Michael R. Borich;Lara A. Boyd;Amy Brodtmann;Cathrin M. Buetefisch;Lei Cao;Jessica M. Cassidy;Valentina Ciullo;Adriana Bastos Conforto;Steven C. Cramer;Rosalía Dacosta‐Aguayo;Ezequiel de la Rosa;Martin Domín;Adrienne N. Dula;Wuwei Feng;Alexandre R. Franco;Fatemeh Geranmayeh;Alexandre Gramfort;Chris M. Gregory;Colleen A. Hanlon;Brenton Hordacre;Steven A. Kautz;Mohamed Salah Khlif;Hosung Kim;Jan S. Kirschke;Jingchun Liu;Martín Lotze;Bradley J. MacIntosh;María Mataró;Feroze B. Mohamed;Jan Egil Nordvik;Gilsoon Park;Amy Pienta;Fabrizio Piras;Shane M. Redman;Kate Revill;Mauricio Reyes;Andrew D. Robertson;Na Jin Seo;Surjo R. Soekadar;Gianfranco Spalletta;Alison Sweet;Maria Teleńczuk;Gregory Thielman;Lars T. Westlye;Carolee J. Winstein;George F. Wittenberg;Kristin A. Wong;Chunshui Yu,2024,Zelong Liu;Komal Kainth;Alexander Zhou;Timothy Deyer;Zahi A. Fayad;Hayit Greenspan;Xueyan Mei
10.1038/s41597-022-01401-7,10.3390/bioengineering11010086,2022,Sook‐Lei Liew;Bethany Lo;Miranda R. Donnelly;Artemis Zavaliangos‐Petropulu;Jessica N. Jeong;Giuseppe Barisano;A. Hutton;Julia Pia Simon;Julia M. Juliano;Anisha Suri;Zhizhuo Wang;Aisha Abdullah;Jun Kim;Tyler Ard;Nerisa Banaj;Michael R. Borich;Lara A. Boyd;Amy Brodtmann;Cathrin M. Buetefisch;Lei Cao;Jessica M. Cassidy;Valentina Ciullo;Adriana Bastos Conforto;Steven C. Cramer;Rosalía Dacosta‐Aguayo;Ezequiel de la Rosa;Martin Domín;Adrienne N. Dula;Wuwei Feng;Alexandre R. Franco;Fatemeh Geranmayeh;Alexandre Gramfort;Chris M. Gregory;Colleen A. Hanlon;Brenton Hordacre;Steven A. Kautz;Mohamed Salah Khlif;Hosung Kim;Jan S. Kirschke;Jingchun Liu;Martín Lotze;Bradley J. MacIntosh;María Mataró;Feroze B. Mohamed;Jan Egil Nordvik;Gilsoon Park;Amy Pienta;Fabrizio Piras;Shane M. Redman;Kate Revill;Mauricio Reyes;Andrew D. Robertson;Na Jin Seo;Surjo R. Soekadar;Gianfranco Spalletta;Alison Sweet;Maria Teleńczuk;Gregory Thielman;Lars T. Westlye;Carolee J. Winstein;George F. Wittenberg;Kristin A. Wong;Chunshui Yu,2024,Mishaim Malik;Benjamin Chong;Justin Fernandez;Vickie Shim;Nikola Kasabov;Alan Wang
10.1038/s41597-022-01401-7,10.48550/arxiv.2410.08397,2022,Sook‐Lei Liew;Bethany Lo;Miranda R. Donnelly;Artemis Zavaliangos‐Petropulu;Jessica N. Jeong;Giuseppe Barisano;A. Hutton;Julia Pia Simon;Julia M. Juliano;Anisha Suri;Zhizhuo Wang;Aisha Abdullah;Jun Kim;Tyler Ard;Nerisa Banaj;Michael R. Borich;Lara A. Boyd;Amy Brodtmann;Cathrin M. Buetefisch;Lei Cao;Jessica M. Cassidy;Valentina Ciullo;Adriana Bastos Conforto;Steven C. Cramer;Rosalía Dacosta‐Aguayo;Ezequiel de la Rosa;Martin Domín;Adrienne N. Dula;Wuwei Feng;Alexandre R. Franco;Fatemeh Geranmayeh;Alexandre Gramfort;Chris M. Gregory;Colleen A. Hanlon;Brenton Hordacre;Steven A. Kautz;Mohamed Salah Khlif;Hosung Kim;Jan S. Kirschke;Jingchun Liu;Martín Lotze;Bradley J. MacIntosh;María Mataró;Feroze B. Mohamed;Jan Egil Nordvik;Gilsoon Park;Amy Pienta;Fabrizio Piras;Shane M. Redman;Kate Revill;Mauricio Reyes;Andrew D. Robertson;Na Jin Seo;Surjo R. Soekadar;Gianfranco Spalletta;Alison Sweet;Maria Teleńczuk;Gregory Thielman;Lars T. Westlye;Carolee J. Winstein;George F. Wittenberg;Kristin A. Wong;Chunshui Yu,2024,Andrew Hoopes;Victor Ion Butoi;John V. Guttag;Adrian V. Dalca
10.1038/s41597-022-01806-4,10.1038/s42003-024-06119-3,2022,Hannelore Aerts;Nigel Colenbier;Hannes Almgren;Thijs Dhollander;Javier Rasero;Kenzo Clauw;Amogh Johri;J. Meier;Jessica Palmer;Michael Schirner;Petra Ritter;Daniele Marinazzo,2024,Joan Falcó-Roget;Alberto Cacciola;Fabio Sambataro;Alessandro Crimi
10.1038/s41597-022-01806-4,10.1089/brain.2024.0028,2022,Hannelore Aerts;Nigel Colenbier;Hannes Almgren;Thijs Dhollander;Javier Rasero;Kenzo Clauw;Amogh Johri;J. Meier;Jessica Palmer;Michael Schirner;Petra Ritter;Daniele Marinazzo,2024,Hibba Yousef;Brigitta Malagurski Törtei
10.1038/s41597-022-01806-4,10.48550/arxiv.2401.10304,2022,Hannelore Aerts;Nigel Colenbier;Hannes Almgren;Thijs Dhollander;Javier Rasero;Kenzo Clauw;Amogh Johri;J. Meier;Jessica Palmer;Michael Schirner;Petra Ritter;Daniele Marinazzo,2024,Joan Giner-Miguelez;Abel Gómez;Jordi Cabot
10.1038/s41597-022-01822-4,10.1038/s41386-023-01588-2,2022,Johanna Prugger;Ekin Derdiyok;Jannis Dinkelacker;Cyril Costines;Timo Torsten Schmidt,2023,Tim Hirschfeld;Johanna Prugger;Tomislav Majić;Timo Torsten Schmidt
10.1038/s41597-022-01822-4,10.21203/rs.3.rs-3976380/v1,2022,Johanna Prugger;Ekin Derdiyok;Jannis Dinkelacker;Cyril Costines;Timo Torsten Schmidt,2024,Martha N. Havenith;Max Leidenberger;Jelena Brasanac;Mafalda Corvacho;I. Figueiredo;Leonie Schwarz;Malin V. Uthaug;Simona Rakusa;Marijan Bernardic;Liliana Vasquez-Mock;Sergio Perez-Rosal;Robin Carhart‐Harris;Stefan M. Gold;Henrik Jungaberle;Andrea Jungaberle
10.1038/s41597-022-01822-4,10.1038/s41386-023-01588-2,2022,Johanna Prugger;Ekin Derdiyok;Jannis Dinkelacker;Cyril Costines;Timo Torsten Schmidt,2023,Tim Hirschfeld;Johanna Prugger;Tomislav Majić;Timo Torsten Schmidt
