"doi_datastet_and_added","dataset_for_matching"
"10.1002/hbm.26097","10.18112/openneuro.ds000030"
"10.1186/s13613-023-01201-1","10.5281/zenodo.6063905"
"10.3389/fphar.2021.826112","2jm4"
"10.1016/j.molcel.2020.11.037","2v6c"
"10.1016/j.bbalip.2021.158918","3o8y"
"10.3390/ijms22041560","3w3m"
"10.1080/22221751.2020.1713705","4l72"
"10.1016/j.bbalip.2021.158918","4nre"
"10.1080/22221751.2020.1713705","4pv7"
"10.1038/s41587-021-01089-x","5meq"
"10.1002/ajmg.a.62610","6agf"
"10.1093/nar/gkac1008","6lu7"
"10.1038/s41586-020-2882-8","gpl14550"
"10.1038/s41586-020-2882-8","gse47460"
"10.1186/s13073-023-01215-1","7jm7"
"10.3201/eid2707.204660","mn908947"
"10.3390/ijms22041560","r848"
"10.1038/s41467-021-27704-8","10.5"
"10.1038/s41593-022-01042-4","10.15154/1519007"
"10.1371/journal.pone.0241497","10.17632/83rthbp8ys"
"10.1038/s41398-023-02705-x","10.17863/cam.23511"
"10.1242/dev.201228","10.17863/cam.87955"
"10.1038/s41467-021-23807-4","10.5061/dryad.8t8s248"
"10.1038/s41467-022-32775-2","10.5061/dryad.d9v38"
"10.1038/s41467-023-40068-5","10.5061/dryad.v15dv41zp"
"10.1038/s41467-020-16929-8","10.5281/zenodo.2529950"
"10.1038/s41597-023-02377-8","10.57760/sciencedb.07860"
"10.1016/j.cortex.2021.08.002","10.6084/m9.figshare.915436"
"10.1016/j.nicl.2020.102536","10.6084/m9.figshare.915436"
"10.1186/s12879-022-07168-x","10.7802/1460"
"10.1007/s40200-023-01316-z","10.7802/1460"
"10.1038/s41467-023-40068-5","10.7937/tcia.2020.fqn0-0326"
"10.3389/fimmu.2020.00179","1k5n"
"10.3389/fimmu.2020.00179","1uxs"
"10.3389/fimmu.2020.00179","1uxw"
"10.3389/fimmu.2020.00179","2a83"
"10.3389/fimmu.2020.00179","5ib5"
"10.1126/science.abb3405","6y2f"
"10.1126/science.abb3405","6y2g"
"10.1126/science.abb3405","6y7m"
"10.1016/j.chom.2021.04.005","7lm9"
"10.1172/jci157780","aa025017"
"10.1016/j.isci.2022.105040","aaas7948"
"10.1371/journal.pntd.0009787","ab086256"
"10.1186/s12974-022-02542-7","ab102505"
"10.1038/s41467-023-39934-z","ab108410"
"10.15252/emmm.202114123","ab108508"
"10.1038/s41467-021-22117-z","ab110413"
"10.3390/antiox12081646","ab118970"
"10.1038/s41467-023-37671-x","ab131366"
"10.1016/j.ccell.2021.08.008","ab150681"
"10.1038/s43587-023-00513-y","ab150681"
"10.1158/2643-3230.bcd-19-0059","ab183685"
"10.1186/s12974-022-02542-7","ab233471"
"10.1016/j.chom.2021.04.005","abf65836"
"10.1038/s41588-021-00921-z","ac004687"
"10.1007/s00401-021-02284-5","acns0332"
"10.1172/jci.insight.131093","af074086"
"10.1038/s41467-022-29614-9","af116575"
"10.1038/s41586-023-06704-2","af157706"
"10.1016/j.ymthe.2020.12.003","af162137"
"10.1038/s41467-022-29614-9","af250356"
"10.1038/s41467-022-29614-9","af333238"
"10.1525/collabra.267","ag000037"
"10.1525/collabra.267","ag010161"
"10.1525/collabra.267","ag017917"
"10.1186/s12874-023-02003-6","ag024904"
"10.1525/collabra.267","ag032037"
"10.1525/collabra.267","ag056486"
"10.1017/s003329171900093x","ag058854"
"10.1007/s12021-022-09604-4","ag058854"
"10.1038/s41380-022-01855-6","ag058854"
"10.1038/s41593-022-01042-4","ag058854"
"10.1073/pnas.2306990120","ag058854"
"10.1111/jcpp.13793","ag058854"
"10.1128/spectrum.02839-23","atcc25922"
"10.1128/spectrum.02839-23","atcc700603"
"10.1080/2162402x.2022.2148850","atto550"
"10.1038/s41467-022-32533-4","atto590"
"10.1038/s41467-022-32533-4","atto647"
"10.15252/embj.2021109352","atto647"
"10.1016/j.cell.2023.07.009","atto647"
"10.1007/s00401-021-02338-8","avd80100"
"10.1038/s41467-022-29614-9","ay130766"
"10.1016/s2666-5247(21)00027-6","ay310120"
"10.1038/s41586-020-03146-y","ay354458"
"10.1111/tbed.14688","ay590688"
"10.1038/s41467-022-29614-9","ay744935"
"10.1016/j.chom.2021.04.005","bab40370"
"10.1038/s41467-023-41502-4","bio94020"
"10.1093/brain/awab209","bnc17011"
"10.1093/jamiaopen/ooab025","bronco150"
"10.1093/jamiaopen/ooac087","bronco150"
"10.1136/ijgc-2021-003017","ca008748"
"10.1016/j.nicl.2021.102846","ca195503"
"10.1016/j.nicl.2021.102846","ca221490"
"10.1159/000530126","cd004863"
"10.1038/s41588-021-00973-1","cfap410"
"10.1038/s41467-022-35198-1","cg000204"
"10.1038/s41591-023-02673-1","cg000204"
"10.1038/s41587-023-01881-x","cg000209"
"10.1038/s41587-023-01881-x","cg000338"
"10.1038/s41591-023-02673-1","cg000390"
"10.1038/s41587-023-01881-x","cg000496"
"10.1038/s41598-022-09309-3","chembl206"
"10.1038/s41598-022-09309-3","chembl228"
"10.1038/s41467-020-20222-z","chir99021"
"10.1038/s41586-020-2882-8","chir99021"
"10.1093/nar/gkaa1089","chir99021"
"10.1038/s42003-022-03828-5","chir99021"
"10.1172/jci.insight.131491","cobas8000"
"10.3390/cancers14010037","colo205"
"10.1038/s41586-021-04116-8","colo320"
"10.1016/bs.pbr.2021.01.022","crd42017"
"10.1016/j.ccell.2021.08.008","cst12653"
"10.1093/eurjpc/zwac176","dk100446"
"10.1186/s40478-020-00920-x","dpss561"
"10.1038/s41467-022-29614-9","dq208309"
"10.1038/s42003-022-03828-5","dq487333"
"10.15252/embj.2019103209","duo92007"
"10.1172/jci139076","duo92101"
"10.1016/j.molcel.2023.01.023","duo92101"
"10.1007/s12021-022-09604-4","eb020403"
"10.1038/s41380-022-01855-6","eb020403"
"10.1038/s41593-022-01042-4","eb020403"
"10.1073/pnas.2306990120","eb020403"
"10.1111/jcpp.13793","eb020403"
"10.1038/s41564-023-01433-8","ef999921"
"10.1111/adb.13198","egad00001002729"
"10.1007/s00406-023-01593-y","egad00001002729"
"10.1038/s41398-023-02705-x","egad00001002729"
"10.1038/s41467-023-38747-4","egad00001003279"
"10.1186/s13046-022-02380-8","egas00000000122"
"10.1038/s41467-021-25728-8","egas00001000992"
"10.1038/s41467-020-18372-1","egas00001002247"
"10.1038/s42003-023-05454-1","egas00001002555"
"10.1038/s41375-022-01587-0","egas00001003248"
"10.1038/s41587-022-01551-4","egas00001003248"
"10.1038/s41586-019-1896-6","emd-10491"
"10.1038/s41467-023-42085-w","emd-10840"
"10.1038/s41467-023-42085-w","emd-15636"
"10.1038/s41467-023-42085-w","emd-3420"
"10.1038/s41467-023-40584-4","e-mtab-2299"
"10.1007/s00018-022-04638-y","e-mtab-2592"
"10.15252/embj.2019103209","e-mtab-3482"
"10.1038/s41467-020-16244-2","e-mtab-3610"
"10.1093/hmg/ddac158","e-mtab-3827"
"10.1158/2159-8290.cd-20-1202","e-mtab-5061"
"10.1007/s00401-022-02513-5","e-mtab-5552"
"10.1161/circresaha.120.317107","e-mtab-5596"
"10.3390/cancers12040963","e-mtab-5876"
"10.1093/nar/gkac428","e-mtab-6564"
"10.1038/s41467-020-19452-y","e-mtab-6570"
"10.1038/s41467-023-36735-2","e-mtab-6570"
"10.1093/nar/gkad121","e-mtab-6798"
"10.1371/journal.pcbi.1010031","e-mtab-6967"
"10.1016/j.molcel.2023.01.023","e-mtab-7247"
"10.1038/s41591-020-0868-6","e-mtab-7407"
"10.3390/cancers12040963","e-mtab-7779"
"10.3390/cancers13235978","e-mtab-7779"
"10.1038/s41540-022-00225-w","e-mtab-7779"
"10.1155/2020/5943014","e-mtab-8248"
"10.15252/emmm.202114123","e-mtab-8410"
"10.15252/emmm.202114123","e-mtab-8412"
"10.1038/s41586-022-05594-0","e-mtab-8495"
"10.1038/s41591-020-0868-6","e-mtab-8581"
"10.1093/nar/gkac428","e-mtab-9330"
"10.1038/s41375-021-01323-0","ensg00000122025"
"10.1038/s41598-020-80382-2","ensg00000132688"
"10.1080/0284186x.2021.1891280","ensg00000132688"
"10.1152/ajplung.00400.2020","ensg00000167972"
"10.3389/fneur.2021.635419","ensg00000171885"
"10.1172/jci166333","ensg00000183813"
"10.7150/thno.59661","epr17341"
"10.1016/j.ccell.2021.08.008","epr19514"
"10.1158/2643-3230.bcd-19-0059","epr19514"
"10.1038/s41587-022-01551-4","erp123231"
"10.1038/s41467-020-20850-5","err194147"
"10.1016/j.celrep.2020.108235","fast1394"
"10.1152/ajpcell.00528.2022","gb113109"
"10.1080/22221751.2021.2000891","gca_000001405"
"10.1002/humu.24430","gca_000001405"
"10.1038/s41467-023-39253-3","gcst005194"
"10.1038/s41467-023-39253-3","gcst006414"
"10.1038/s41467-023-39253-3","gcst006624"
"10.1038/s41467-023-39253-3","gcst006630"
"10.1038/s41467-023-39253-3","gcst006900"
"10.1038/s41598-020-60064-9","gds2545"
"10.1038/s41598-020-60064-9","gds4109"
"10.1007/s00018-020-03734-1","gds4381"
"10.1007/s00018-020-03734-1","gds4513"
"10.1007/s00018-020-03734-1","gds4516"
"10.1007/s00018-020-03734-1","gds4718"
"10.3390/cells10082130","gds651"
"10.1038/s41586-021-03713-x","gm103311"
"10.3389/fpsyt.2021.669783","gm103472"
"10.3389/fcell.2021.718624","gpl10295"
"10.1186/s12916-023-02889-5","gpl10558"
"10.1186/s12920-020-0712-3","gpl1261"
"10.15252/embj.2019103209","gpl1390"
"10.1038/s41467-022-28809-4","gpl14550"
"10.1155/2020/5943014","gpl16876"
"10.3389/fimmu.2021.809325","gpl19983"
"10.1007/s00432-022-04101-2","gpl3921"
"10.1155/2020/5943014","gpl5175"
"10.1155/2020/8604340","gpl570"
"10.1186/s12920-020-0712-3","gpl570"
"10.1007/s00432-022-04101-2","gpl570"
"10.1007/s12011-023-03585-4","gpl570"
"10.1007/s00432-022-04101-2","gpl571"
"10.3389/fphar.2022.908783","gpl6244"
"10.1007/s12011-023-03585-4","gpl6244"
"10.1007/s12011-023-03585-4","gpl6480"
"10.1038/s41598-020-60064-9","gpl8300"
"10.1038/s41598-020-60064-9","gpl96"
"10.1007/s00432-022-04101-2","gpl96"
"10.1007/s12011-023-03585-4","gpl96"
"10.1038/s41467-021-25728-8","gse100336"
"10.1038/s41588-022-01117-9","gse101714"
"10.1038/s41588-022-01117-9","gse101715"
"10.1038/s41467-023-38747-4","gse102741"
"10.3389/fmed.2021.664045","gse102789"
"10.1038/s41467-023-36735-2","gse103123"
"10.1038/s41598-023-46405-4","gse103584"
"10.1186/s12915-022-01396-y","gse103672"
"10.1038/s41467-022-28626-9","gse104276"
"10.1038/s41588-023-01485-w","gse104276"
"10.3389/fimmu.2021.809325","gse104948"
"10.3389/fmed.2021.762848","gse104948"
"10.1038/s41467-023-36735-2","gse10609"
"10.1038/s41590-023-01620-z","gse106139"
"10.1002/jlb.2a0421-200r","gse107011"
"10.1038/s41588-019-0567-8","gse107585"
"10.1038/s41467-020-20877-8","gse107585"
"10.3389/fimmu.2021.809325","gse108113"
"10.1186/s13058-020-01379-3","gse108304"
"10.1038/s41467-020-17467-z","gse10846"
"10.1007/s00401-020-02218-7","gse108576"
"10.1038/s41556-021-00708-8","gse109142"
"10.1038/s41591-020-01227-z","gse109743"
"10.1002/cti2.1420","gse11057"
"10.1002/eji.202048797","gse11057"
"10.1186/s13148-022-01357-w","gse111165"
"10.1007/s00401-020-02218-7","gse111336"
"10.1126/sciimmunol.abg3533","gse111902"
"10.17305/bjbms.2021.6016","gse112057"
"10.1038/s41592-022-01412-7","gse112179"
"10.1038/s41556-021-00708-8","gse11223"
"10.1016/j.immuni.2021.07.019","gse112813"
"10.3389/fcell.2021.751590","gse113405"
"10.3389/fphar.2022.908783","gse113439"
"10.1038/s41467-023-38780-3","gse114374"
"10.1038/s41467-021-27198-4","gse115098"
"10.1002/jlb.2a0421-200r","gse115736"
"10.1172/jci164223","gse115746"
"10.15252/emmm.202013191","gse116222"
"10.1158/0008-5472.can-21-1621","gse116893"
"10.3389/fphar.2022.908783","gse117261"
"10.1007/s00401-020-02218-7","gse117852"
"10.1038/s41588-019-0567-8","gse118184"
"10.1038/s41467-020-20877-8","gse118184"
"10.1002/glia.24299","gse118257"
"10.1038/s41467-022-28626-9","gse118257"
"10.1515/med-2021-0276","gse11969"
"10.1038/s41598-019-57076-5","gse120572"
"10.1007/s00401-020-02218-7","gse120650"
"10.1038/s41467-023-36735-2","gse12172"
"10.1038/s41467-021-27704-8","gse12195"
"10.1158/2159-8290.cd-20-1202","gse122126"
"10.1038/s41592-022-01412-7","gse122126"
"10.1186/s13073-022-01018-w","gse122126"
"10.1038/s41586-021-03583-3","gse122511"
"10.1038/s41586-021-03583-3","gse122515"
"10.1038/s41586-021-03583-3","gse122517"
"10.1016/j.immuni.2023.01.029","gse122713"
"10.1038/s41467-023-36735-2","gse12276"
"10.1007/s12011-023-03585-4","gse12288"
"10.1038/s41586-021-03233-8","gse122931"
"10.1371/journal.pcbi.1009658","gse123018"
"10.15252/emmm.201910264","gse123544"
"10.1016/j.xgen.2023.100347","gse123813"
"10.3389/fimmu.2023.1114368","gse124731"
"10.15252/embj.2019104013","gse124766"
"10.1038/s41540-022-00225-w","gse125696"
"10.1038/s41596-020-0333-5","gse126550"
"10.1016/j.celrep.2022.110503","gse128033"
"10.1186/s13073-022-01018-w","gse128130"
"10.1038/s41556-021-00708-8","gse128682"
"10.1038/s41556-020-00619-0","gse128987"
"10.1038/s42003-022-03867-y","gse129582"
"10.1038/s41588-023-01408-9","gse129957"
"10.1007/s00401-022-02522-4","gse130051"
"10.1038/s41592-022-01412-7","gse130711"
"10.1371/journal.pcbi.1009658","gse131111"
"10.3390/ijms221910482","gse13159"
"10.7150/thno.60679","gse131928"
"10.1038/s43587-023-00513-y","gse132040"
"10.3389/fimmu.2023.1115272","gse13213"
"10.1371/journal.pcbi.1010031","gse132188"
"10.1038/s41467-020-20222-z","gse13294"
"10.1038/s41556-020-0529-5","gse134751"
"10.1186/s12915-022-01396-y","gse135312"
"10.1038/s42003-022-03867-y","gse135644"
"10.3389/fimmu.2022.969509","gse135779"
"10.1016/j.immuni.2021.09.002","gse135893"
"10.1038/s41540-022-00225-w","gse135898"
"10.1038/s41591-020-0868-6","gse135922"
"10.1080/21655979.2022.2072602","gse136103"
"10.1038/s41598-019-57108-0","gse136390"
"10.1073/pnas.1820843116","gse137682"
"10.1073/pnas.1820843116","gse137688"
"10.1182/bloodadvances.2020003230","gse137851"
"10.1073/pnas.1820843116","gse137884"
"10.1038/s41467-023-36735-2","gse138293"
"10.1038/s41467-023-38747-4","gse138295"
"10.1038/s41467-023-36735-2","gse138314"
"10.1186/s13073-022-01108-9","gse139107"
"10.1080/21655979.2022.2072602","gse139602"
"10.1002/jlb.2a0421-200r","gse139810"
"10.3389/fendo.2022.1056310","gse139829"
"10.3389/fendo.2023.1163046","gse139829"
"10.1186/s13073-021-00926-7","gse140973"
"10.3389/fimmu.2022.969509","gse142016"
"10.1038/s41592-022-01412-7","gse142439"
"10.1158/2159-8290.cd-21-0276","gse142745"
"10.1038/s41592-022-01412-7","gse143209"
"10.1038/s41467-020-20222-z","gse14333"
"10.1038/s41467-023-36735-2","gse14333"
"10.1126/sciadv.ade9238","gse143437"
"10.1002/advs.202104291","gse14520"
"10.1038/s41586-022-05297-6","gse14580"
"10.1016/j.immuni.2021.09.002","gse145926"
"10.1016/j.isci.2021.102151","gse145926"
"10.1016/j.celrep.2022.110503","gse145926"
"10.1038/s41467-021-25030-7","gse145926"
"10.15252/embj.2020105123","gse146887"
"10.1126/sciadv.ade9238","gse147457"
"10.1038/s41586-021-03995-1","gse147507"
"10.1016/j.isci.2021.102151","gse147507"
"10.1038/s41467-021-24007-w","gse147507"
"10.1038/s41591-023-02397-2","gse147672"
"10.1016/j.ebiom.2023.104657","gse149250"
"10.1038/s43587-023-00513-y","gse149590"
"10.1038/s41586-021-04142-6","gse149689"
"10.1002/jmv.28450","gse149689"
"10.1038/s42003-022-03867-y","gse149808"
"10.1038/s42003-022-03867-y","gse150392"
"10.3389/fimmu.2023.1115272","gse150938"
"10.1038/s41586-020-2882-8","gse151674"
"10.1016/j.isci.2021.103030","gse152075"
"10.1002/jmv.28450","gse152075"
"10.1016/j.isci.2021.103030","gse152418"
"10.1002/jmv.28450","gse152418"
"10.15252/emmm.202013659","gse153180"
"10.1155/2020/8604340","gse15471"
"10.1016/j.isci.2021.103030","gse155249"
"10.1016/j.ebiom.2023.104657","gse155353"
"10.1136/gutjnl-2020-321016","gse15605"
"10.3389/fgene.2022.818683","gse156063"
"10.1002/jmv.28450","gse156063"
"10.1016/j.ebiom.2023.104657","gse156299"
"10.1016/j.eclinm.2021.101099","gse157103"
"10.1002/jmv.28450","gse157103"
"10.1016/j.molcel.2020.11.037","gse157425"
"10.1038/s41591-023-02673-1","gse159812"
"10.1155/2022/9714669","gse160876"
"10.1002/jmv.28450","gse161731"
"10.1002/jmv.28450","gse161777"
"10.1002/jmv.28450","gse161918"
"10.1016/j.jcmgh.2023.05.008","gse162249"
"10.1136/gutjnl-2021-324868","gse162335"
"10.3389/fimmu.2022.969509","gse162577"
"10.1002/jmv.28450","gse163668"
"10.1158/1078-0432.ccr-21-2834","gse164378"
"10.3390/ijms21145098","gse16476"
"10.1080/21655979.2022.2072602","gse164760"
"10.1155/2022/9714669","gse165063"
"10.1158/2159-8290.cd-21-0276","gse165087"
"10.1155/2020/8604340","gse16515"
"10.1126/science.abo3627","gse166489"
"10.1126/science.abo3627","gse167029"
"10.1038/s41556-021-00708-8","gse16879"
"10.1186/s13046-023-02834-7","gse17025"
"10.1126/sciadv.adi2095","gse17051"
"10.1002/jmv.28450","gse171555"
"10.1038/s41540-022-00225-w","gse171975"
"10.1002/jmv.28450","gse174072"
"10.1038/s41590-023-01517-x","gse174072"
"10.1016/j.eclinm.2021.101099","gse174818"
"10.7150/jca.61556","gse17536"
"10.1007/s10620-021-07338-y","gse17538"
"10.1007/s00401-022-02513-5","gse175543"
"10.17305/bjbms.2021.6016","gse17590"
"10.3390/cancers14235999","gse17618"
"10.3390/cells12040606","gse17920"
"10.1038/s41593-023-01435-z","gse180759"
"10.1038/s41467-020-20222-z","gse18088"
"10.15252/embj.2019103209","gse18229"
"10.1038/s41467-022-28809-4","gse185006"
"10.1007/s00432-022-04101-2","gse18520"
"10.1038/s41467-020-19452-y","gse18927"
"10.1155/2020/8851437","gse19188"
"10.1002/eji.202250059","gse20"
"10.1016/j.ebiom.2023.104657","gse201241"
"10.1080/19490976.2023.2233689","gse20540"
"10.1007/s12011-023-03585-4","gse20734"
"10.1038/s41467-021-25403-y","gse21029"
"10.1038/s41467-020-20222-z","gse2109"
"10.1038/s41467-023-36735-2","gse2109"
"10.3389/fcell.2021.718624","gse21257"
"10.1038/s41598-022-05341-5","gse21257"
"10.1371/journal.pone.0242263","gse22138"
"10.3389/fonc.2020.567512","gse22138"
"10.3390/diagnostics11020219","gse22138"
"10.3892/mco.2023.2615","gse22405"
"10.1038/s41588-019-0564-y","gse22428"
"10.1007/s00432-022-04101-2","gse23554"
"10.1038/s41467-020-19452-y","gse24447"
"10.3389/fphar.2022.908783","gse24988"
"10.3389/fimmu.2023.1243516","gse25001"
"10.1016/j.celrep.2021.109526","gse25097"
"10.1002/jlb.2a0421-200r","gse25426"
"10.1007/s00432-022-04101-2","gse26193"
"10.3389/fimmu.2023.1115272","gse26939"
"10.1186/s13046-022-02380-8","gse27003"
"10.1007/s12011-023-03585-4","gse27034"
"10.1038/s41467-022-28809-4","gse27597"
"10.1007/s00432-022-04101-2","gse27651"
"10.3892/ol.2020.12384","gse27890"
"10.1038/s41467-022-30177-y","gse28109"
"10.3389/fimmu.2023.1243516","gse28405"
"10.1186/s12920-020-0712-3","gse28422"
"10.1038/s41467-020-19452-y","gse28874"
"10.3389/fimmu.2023.1115272","gse29016"
"10.1038/s41467-021-23596-w","gse29413"
"10.1007/s00432-022-04101-2","gse30161"
"10.3389/fimmu.2023.1115272","gse30219"
"10.1038/s41592-022-01412-7","gse30654"
"10.1038/s41556-020-0529-5","gse31099"
"10.3389/fimmu.2023.1115272","gse31210"
"10.1038/s41467-020-17467-z","gse31312"
"10.1016/j.ebiom.2023.104657","gse32079"
"10.7150/jca.61556","gse32323"
"10.3389/fmed.2021.762848","gse32591"
"10.1038/s41556-020-00619-0","gse32606"
"10.1155/2020/8851437","gse32863"
"10.1038/s41467-020-20222-z","gse33113"
"10.1007/s10620-021-07338-y","gse33113"
"10.1038/s42003-022-03867-y","gse33267"
"10.1038/s41467-020-16244-2","gse34620"
"10.1038/s41592-023-01903-1","gse35156"
"10.1038/s41467-023-38044-0","gse3526"
"10.3324/haematol.2021.276048","gse36030"
"10.3324/haematol.2020.276048","gse36030"
"10.1073/pnas.1820843116","gse36054"
"10.3390/ijms21145098","gse36133"
"10.1038/s41467-020-16244-2","gse37371"
"10.1038/s41467-020-19452-y","gse37385"
"10.3389/fimmu.2023.1115272","gse37745"
"10.1038/s41586-020-2882-8","gse37768"
"10.1016/j.jcmgh.2020.04.002","gse37892"
"10.1007/s10620-021-07338-y","gse37892"
"10.1186/s13058-020-01379-3","gse3834"
"10.1038/s41598-020-64431-4","gse38351"
"10.1038/s41467-020-20222-z","gse38832"
"10.1007/s10620-021-07338-y","gse38832"
"10.1016/j.jcmgh.2020.04.002","gse39582"
"10.1038/s41467-020-20222-z","gse39582"
"10.1007/s10620-021-07338-y","gse39582"
"10.3389/fimmu.2023.1243516","gse40628"
"10.3389/fimmu.2023.1115272","gse42127"
"10.1038/s41467-023-36735-2","gse4290"
"10.3389/fimmu.2021.673423","gse43106"
"10.3389/fimmu.2023.1243516","gse43777"
"10.1038/s41467-020-20222-z","gse44076"
"10.1038/s41467-021-27704-8","gse44672"
"10.1038/s41467-020-17467-z","gse4475"
"10.15252/emmm.202013659","gse44770"
"10.1038/s42003-022-03867-y","gse45042"
"10.1093/nar/gkaa1089","gse45223"
"10.1016/j.heliyon.2023.e13087","gse45326"
"10.1038/s41467-023-36735-2","gse45547"
"10.1080/15384047.2022.2060015","gse46517"
"10.7717/peerj.10373","gse47206"
"10.1038/s41467-020-17467-z","gse4732"
"10.1038/s41467-022-28809-4","gse47460"
"10.3892/ol.2020.12384","gse47797"
"10.1186/s12920-020-0712-3","gse47881"
"10.1016/j.jcmgh.2020.04.002","gse48267"
"10.1186/s12920-020-0712-3","gse48278"
"10.1016/j.jbc.2023.104812","gse48558"
"10.1038/s41588-020-0610-9","gse49036"
"10.1186/s13073-022-01018-w","gse49149"
"10.1016/j.ebiom.2023.104657","gse49149"
"10.1038/s41556-020-00619-0","gse49292"
"10.1016/j.celrep.2021.109526","gse49541"
"10.1080/21655979.2022.2072602","gse49541"
"10.1038/s41592-022-01412-7","gse49656"
"10.1016/j.ebiom.2023.104657","gse49656"
"10.1038/s41467-021-23596-w","gse49669"
"10.1155/2020/5943014","gse49710"
"10.3390/ijms21145098","gse49710"
"10.3389/fonc.2021.647737","gse49710"
"10.1038/s41467-023-38044-0","gse50161"
"10.1038/s41467-023-38044-0","gse50385"
"10.1186/s13058-020-01379-3","gse50695"
"10.1073/pnas.1820843116","gse50759"
"10.3892/ol.2020.12384","gse5081"
"10.1186/s13058-020-01379-3","gse51403"
"10.3389/fimmu.2023.1243516","gse51808"
"10.1038/s41592-022-01412-7","gse51954"
"10.1038/s41598-020-64431-4","gse51997"
"10.1016/j.celrep.2020.108117","gse52317"
"10.3324/haematol.2021.276048","gse52457"
"10.3324/haematol.2020.276048","gse52457"
"10.1038/s41586-020-2882-8","gse52509"
"10.1016/j.stem.2022.06.012","gse52709"
"10.1172/jci.insight.131093","gse53697"
"10.3324/haematol.2021.276048","gse55407"
"10.3324/haematol.2020.276048","gse55407"
"10.3892/ol.2020.12384","gse55643"
"10.1186/s13148-021-01083-9","gse55763"
"10.1038/s41586-020-2882-8","gse56768"
"10.1038/s41556-020-00619-0","gse57584"
"10.1186/s12916-023-02889-5","gse57691"
"10.1038/s41556-021-00708-8","gse57945"
"10.1158/2159-8290.cd-20-1202","gse57973"
"10.1038/s41598-020-64431-4","gse58173"
"10.1136/jitc-2023-007369","gse58661"
"10.1038/s41556-021-00708-8","gse59071"
"10.1093/nar/gkac1206","gse59676"
"10.1101/gr.275790.121","gse60024"
"10.1093/neuonc/noad197","gse60274"
"10.3892/mco.2023.2615","gse60502"
"10.1002/cti2.1420","gse61077"
"10.1186/s13058-020-01379-3","gse61368"
"10.1186/s13059-021-02397-w","gse61753"
"10.1038/s41467-020-16244-2","gse61944"
"10.1038/s41467-023-40235-8","gse6205"
"10.1038/s41467-023-38747-4","gse62563"
"10.1158/0008-5472.can-21-1621","gse62564"
"10.1038/s41598-019-57108-0","gse6269"
"10.3390/cancers14235999","gse63155"
"10.3390/cancers14235999","gse63156"
"10.1186/s13046-021-02125-z","gse63157"
"10.1038/s41588-019-0564-y","gse63525"
"10.3324/haematol.2021.276048","gse63525"
"10.1038/s41467-022-34053-7","gse63525"
"10.3324/haematol.2020.276048","gse63525"
"10.1038/s41588-023-01561-1","gse63525"
"10.1007/s00432-022-04101-2","gse63885"
"10.1016/j.immuni.2023.05.017","gse63898"
"10.3892/mco.2023.2615","gse64041"
"10.1038/s41467-023-38747-4","gse64425"
"10.1073/pnas.1820843116","gse64495"
"10.1038/s41556-020-00619-0","gse65013"
"10.15252/emmm.202013659","gse65159"
"10.1038/s41467-023-40235-8","gse65185"
"10.1109/tcbb.2020.2983010","gse65776"
"10.15252/embj.2019103209","gse66081"
"10.1038/s41467-020-14700-7","gse66270"
"10.1038/s41467-020-14700-7","gse66271"
"10.1038/s41592-022-01412-7","gse66351"
"10.1186/s13059-021-02397-w","gse66411"
"10.1038/s41593-022-01243-x","gse67828"
"10.1038/s41588-021-00973-1","gse67835"
"10.1007/s12011-023-03585-4","gse68012"
"10.1186/s13148-021-01083-9","gse68379"
"10.21037/atm-20-7936","gse68465"
"10.3389/fcell.2021.616271","gse68465"
"10.1155/2022/4995874","gse68465"
"10.3389/fimmu.2023.1115272","gse68465"
"10.1016/j.molcel.2023.01.023","gse69241"
"10.1038/s41598-021-89834-9","gse70371"
"10.3892/ol.2020.12384","gse70394"
"10.1016/j.immuni.2021.07.019","gse70580"
"10.1038/s41586-021-03233-8","gse70813"
"10.1038/s41467-023-40235-8","gse7127"
"10.1038/s41467-023-38747-4","gse71315"
"10.3389/fimmu.2023.1115272","gse72019"
"10.1155/2020/8851437","gse72094"
"10.1371/journal.pone.0242263","gse72094"
"10.3389/fmolb.2020.571641","gse72094"
"10.21037/atm-20-7936","gse72094"
"10.3389/fcell.2021.616271","gse72094"
"10.1155/2022/4995874","gse72094"
"10.1038/s41540-022-00225-w","gse72095"
"10.3389/fmed.2021.762848","gse72798"
"10.3324/haematol.2021.276048","gse72816"
"10.3324/haematol.2020.276048","gse72816"
"10.1136/gutjnl-2020-321016","gse73339"
"10.1007/s00401-020-02218-7","gse73515"
"10.1038/s43018-022-00355-4","gse73518"
"10.1038/s41592-022-01412-7","gse74193"
"10.1038/s41586-021-04088-9","gse74672"
"10.1038/s41467-021-21650-1","gse75478"
"10.1038/s41588-020-0610-9","gse7621"
"10.1038/s41467-021-25728-8","gse76360"
"10.1038/s41467-021-26844-1","gse76598"
"10.1038/s41467-022-28809-4","gse76925"
"10.1038/s41467-023-38747-4","gse77509"
"10.1038/s41467-023-38747-4","gse77661"
"10.1186/s13058-020-01379-3","gse78286"
"10.17305/bjbms.2021.6016","gse80060"
"10.1038/s41467-023-36735-2","gse80151"
"10.1038/s41467-023-38747-4","gse80151"
"10.1038/s41467-020-19452-y","gse80154"
"10.1073/pnas.1820843116","gse80261"
"10.1038/s41588-023-01561-1","gse80820"
"10.1158/2159-8290.cd-20-1202","gse81547"
"10.1016/j.jcmgh.2020.04.002","gse81861"
"10.3390/cancers15123155","gse82191"
"10.1038/s41588-020-0610-9","gse8397"
"10.1016/j.immuni.2023.01.029","gse83978"
"10.1038/s41592-022-01412-7","gse84274"
"10.3324/haematol.2021.276048","gse84662"
"10.3324/haematol.2020.276048","gse84662"
"10.1016/j.cell.2020.04.018","gse84795"
"10.1038/s41586-021-03208-9","gse84795"
"10.3389/fendo.2022.1056310","gse84976"
"10.3389/fendo.2023.1163046","gse84976"
"10.1155/2020/5943014","gse85047"
"10.1038/s41467-023-36735-2","gse85047"
"10.1007/s00401-022-02522-4","gse85218"
"10.1093/neuonc/noad027","gse85218"
"10.1158/2159-8290.cd-20-1202","gse85241"
"10.1038/s41590-023-01620-z","gse8678"
"10.1002/path.5845","gse87053"
"10.1038/s41588-020-00764-0","gse87112"
"10.3324/haematol.2021.276048","gse87286"
"10.3324/haematol.2020.276048","gse87286"
"10.1038/s41586-021-04088-9","gse87544"
"10.1186/s13059-021-02397-w","gse87614"
"10.1186/s13059-021-02397-w","gse89183"
"10.1080/21655979.2022.2072602","gse89632"
"10.1016/j.ebiom.2023.104657","gse89803"
"10.1007/s12011-023-03585-4","gse90074"
"10.1038/s41596-019-0251-6","gse90496"
"10.1007/s00401-021-02300-8","gse90496"
"10.1111/nan.12741","gse90496"
"10.1007/s00401-020-02250-7","gse90496"
"10.1038/s41467-020-19452-y","gse90683"
"10.1038/s41586-021-04116-8","gse90683"
"10.1038/s41467-023-36735-2","gse90683"
"10.1158/0008-5472.can-21-1621","gse90683"
"10.1038/s41467-023-36735-2","gse90803"
"10.1093/nargab/lqaa036","gse91306"
"10.1093/nargab/lqaa036","gse91337"
"10.1038/s41586-021-04088-9","gse92707"
"10.1016/j.cell.2020.10.036","gse92742"
"10.1093/bib/bbaa072","gse92742"
"10.1038/s41586-021-04088-9","gse93374"
"10.1016/j.celrep.2023.112739","gse93764"
"10.1136/rmdopen-2020-001248","gse93777"
"10.1038/s41592-023-01903-1","gse94489"
"10.1186/s13058-020-01379-3","gse94493"
"10.3390/cancers14010024","gse94533"
"10.1073/pnas.1820843116","gse94734"
"10.1038/s41467-023-38747-4","gse94782"
"10.1038/s41467-023-36735-2","gse94822"
"10.1038/s41467-022-30322-7","gse95683"
"10.1038/s41588-022-01117-9","gse96107"
"10.1016/j.immuni.2023.01.029","gse97139"
"10.1016/j.xhgg.2022.100166","gse97752"
"10.1038/s41594-020-00539-5","gse98671"
"10.3390/cancers13071512","gse9891"
"10.1007/s00432-022-04101-2","gse9891"
"10.3390/cancers15123155","gse9891"
"10.3390/ijms24032292","gse9899"
"10.3390/cancers13235978","gse99039"
"10.1038/s42003-022-03867-y","gse99454"
"10.1111/tpj.16601","gse99464"
"10.1111/tpj.16601","gse99615"
"10.1038/s41467-022-30438-w","gse99933"
"10.1371/journal.pcbi.1010031","gse99933"
"10.1158/0008-5472.can-21-1621","gse99933"
"10.3389/fmed.2021.762848","gse99967"
"10.1038/s41467-021-23596-w","gsm1041375"
"10.1038/s41467-021-23596-w","gsm1171650"
"10.1038/s41467-021-23596-w","gsm1183111"
"10.1038/s41467-021-23596-w","gsm1183112"
"10.1038/s41467-021-23596-w","gsm1183114"
"10.1038/s41467-020-16244-2","gsm1517546"
"10.1038/s41467-020-16244-2","gsm1517547"
"10.1038/s41467-020-16244-2","gsm1517555"
"10.1038/s41467-020-16244-2","gsm1517556"
"10.1038/s41467-020-16244-2","gsm1517569"
"10.1038/s41467-020-16244-2","gsm1517570"
"10.1038/s41467-020-16244-2","gsm1517572"
"10.1038/s41467-020-16244-2","gsm1517573"
"10.1038/s41467-021-23596-w","gsm1917298"
"10.1186/s12943-023-01792-0","gsm2071742"
"10.1186/s12943-023-01792-0","gsm2071745"
"10.1126/sciadv.adi2095","gsm2635593"
"10.1038/s41467-021-23596-w","gsm288345"
"10.1038/s41467-021-23596-w","gsm288349"
"10.1038/s41467-021-23596-w","gsm288352"
"10.1038/s41467-021-23596-w","gsm288355"
"10.1016/j.isci.2021.102151","gsm3660650"
"10.1038/s41467-021-25030-7","gsm3660650"
"10.1038/s41467-021-23596-w","gsm440256"
"10.1038/s41467-021-23596-w","gsm611192"
"10.1038/s41467-020-16244-2","gsm736570"
"10.1038/s41467-021-23596-w","gsm747534"
"10.1161/jaha.119.015289","gtx20015"
"10.1038/s42003-022-03421-w","gu190215"
"10.1126/scisignal.aax7942","gw311616"
"10.1038/s41467-023-40235-8","gw441756"
"10.1038/s41467-020-20222-z","hir99021"
"10.1038/s41586-020-2882-8","hir99021"
"10.1093/nar/gkaa1089","hir99021"
"10.1038/s42003-022-03828-5","hir99021"
"10.1158/2326-6066.cir-22-0434","hla00455"
"10.3390/ijms24044135","ib401002"
"10.1016/j.neuroimage.2019.116373","icbm152"
"10.1080/15622975.2020.1789216","icbm152"
"10.1016/j.expneurol.2022.114150","icbm152"
"10.1016/j.dcn.2023.101286","icbm152"
"10.1016/j.neuroimage.2023.119929","icbm152"
"10.1016/j.neuroimage.2023.120218","icbm152"
"10.1186/s13195-023-01225-6","icbm152"
"10.1177/15330338221080977","inc01094"
"10.1186/s13059-021-02397-w","iseq00010"
"10.1038/s41467-020-19452-y","jaspar2018"
"10.1016/j.immuni.2023.01.029","jaspar2018"
"10.1038/s41467-020-19452-y","jaspar2020"
"10.1038/s41591-020-01227-z","jaspar2020"
"10.1038/s41590-022-01327-7","jaspar2020"
"10.3390/genes12081236","jn632591"
"10.1016/j.celrep.2020.108235","jq673480"
"10.1371/journal.ppat.1009824","jq673480"
"10.1111/tbed.14688","kf364615"
"10.1186/s12920-023-01585-w","kiaa0101"
"10.1080/2162402x.2021.1929726","kiaa1429"
"10.1038/s41586-020-03146-y","kj660347"
"10.1038/s41586-020-03146-y","kp096421"
"10.1038/s42003-022-03421-w","kr559017"
"10.3390/pathogens12070967","kx245154"
"10.1038/s41592-023-01986-w","ldn19318"
"10.1177/15330338221080977","linc01094"
"10.1016/j.molcel.2023.01.023","linc01128"
"10.1371/journal.pcbi.1009515","ly300912"
"10.1016/j.celrep.2023.113166","ly404187"
"10.1017/s003329171900093x","mh116147"
"10.1002/jev2.12207","misev2018"
"10.1007/s15010-023-02022-x","misev2018"
"10.1016/j.celrep.2020.108184","mk01"
"10.1007/s00415-023-12132-z","mk03"
"10.1007/s00415-023-12132-z","mk09"
"10.1038/s41597-020-00597-w","mk250"
"10.1016/j.jcmgh.2021.02.002","mk401"
"10.1128/mbio.02755-20","mn433617"
"10.1016/j.chom.2021.04.005","mn908947"
"10.1038/s41467-021-25030-7","mn908947"
"10.1038/s41586-020-2294-9","mn996528"
"10.1038/s41467-021-22579-1","mr223815"
"10.1016/s2666-5247(21)00027-6","mt007544"
"10.1038/s42003-022-03421-w","mt019529"
"10.3390/ijms23042263","mt06"
"10.1016/j.celrep.2022.110503","mt093571"
"10.1038/s41586-020-2294-9","mt107528"
"10.1016/j.chom.2021.04.005","mt599835"
"10.1016/j.chom.2021.04.005","mt599919"
"10.1038/s41467-023-40213-0","mw25"
"10.3390/ijms22179313","mz16"
"10.1038/s41419-023-06077-4","mz16"
"10.1136/gutjnl-2021-324868","mz18"
"10.1038/s41586-023-06704-2","nc_000898"
"10.1038/s41467-023-44247-2","nc_000913"
"10.1038/s41586-023-06704-2","nc_001664"
"10.1016/j.celrep.2022.110503","nc_002645"
"10.2807/1560-7917.es.2020.25.41.1900648","nc_003112"
"10.1371/journal.pntd.0009787","nc_004022"
"10.1016/j.celrep.2022.110503","nc_005831"
"10.1038/s41588-019-0558-9","nc_007605"
"10.1128/aem.01146-22","nc_007793"
"10.1038/s41598-021-90145-2","nc_012920"
"10.1016/j.cell.2020.09.049","nc_045512"
"10.1038/s41587-020-00796-1","nc_045512"
"10.1038/s41467-021-25030-7","nc_045512"
"10.1038/s41586-021-04142-6","nc_045512"
"10.1371/journal.pntd.0009335","nc_045512"
"10.1093/cid/ciac399","nc_045512"
"10.1038/s41564-023-01352-8","nc_045512"
"10.1186/s12985-023-02154-4","nc_045512"
"10.1371/journal.ppat.1011657","nc_045512"
"10.1080/22221751.2023.2259001","nc045512"
"10.1038/s42003-023-05454-1","ng00075"
"10.1038/s42003-022-03867-y","nm_000033"
"10.1136/jmedgenet-2020-107353","nm_000059"
"10.1093/nop/npaa075","nm_000142"
"10.1002/ajh.25753","nm_000298"
"10.1111/odi.14816","nm_000325"
"10.3390/nu15102325","nm_000689"
"10.3390/nu15102325","nm_000964"
"10.1016/j.gim.2023.100856","nm_000965"
"10.3390/nu15102325","nm_001101"
"10.3201/eid2707.204660","nm_001165260"
"10.3201/eid2707.204660","nm_001290107"
"10.3201/eid2707.204660","nm_001310190"
"10.3201/eid2707.204660","nm_001371415"
"10.1038/s10038-020-0803-1","nm_001376"
"10.1002/jimd.12341","nm_001690"
"10.1038/s41467-020-20488-3","nm_001716"
"10.1186/s13578-023-01114-3","nm_002079"
"10.1038/s41467-020-18084-6","nm_002495"
"10.3390/nu15102325","nm_002957"
"10.1038/s41467-021-22117-z","nm_003172"
"10.3390/nu15102325","nm_003670"
"10.1038/s42003-022-03867-y","nm_005164"
"10.3390/nu15102325","nm_006238"
"10.1093/nop/npaa075","nm_006342"
"10.1038/s41467-020-16244-2","nm_006472"
"10.1055/a-1522-8535","nm_0065"
"10.1055/a-1522-8535","nm_006517"
"10.1136/jmedgenet-2020-107353","nm_007294"
"10.1038/s41467-020-20488-3","nm_007551"
"10.1016/j.molcel.2020.11.037","nm_011119"
"10.1371/journal.pgen.1009619","nm_011359"
"10.1002/jimd.12341","nm_012463"
"10.1097/aln.0000000000003127","nm_012538"
"10.1128/jvi.00205-23","nm_014314"
"10.3390/genes14071408","nm_017986"
"10.1038/s41374-021-00538-0","nm_018727"
"10.1038/s41467-021-25403-y","nm_020661"
"10.1093/brain/awaa346","nm_021614"
"10.1002/jbmr.3995","nm_024652"
"10.1038/s41431-022-01177-9","nm_025114"
"10.1111/odi.14816","nm_025216"
"10.1038/s41467-020-16244-2","nm_033326"
"10.1038/s41380-022-01800-7","nm_181726"
"10.1038/s41431-023-01382-0","nm_198514"
"10.3390/v14051041","on158818"
"10.3390/v14051041","on186499"
"10.3390/v14051041","on186526"
"10.1002/1878-0261.12835","patu8988"
"10.1038/s41467-023-40235-8","pd032590"
"10.3390/cancers12113138","pd123319"
"10.1124/pharmrev.120.000281","pd123319"
"10.1016/j.biopha.2021.112434","pd146176"
"10.1038/s41467-023-40235-8","pd173074"
"10.1371/journal.pbio.3001503","pepmap100"
"10.1007/s12035-023-03219-9","pepmap100"
"10.1038/s41477-023-01407-y","pepmap100"
"10.1038/s41467-020-18367-y","phs000007"
"10.1038/s41588-021-00973-1","phs000092"
"10.1038/s41588-021-00973-1","phs000125"
"10.1038/s41588-021-00973-1","phs000126"
"10.1038/s41588-021-00973-1","phs000138"
"10.1038/s41588-021-00973-1","phs000142"
"10.1038/s41588-021-00973-1","phs000147"
"10.1038/s41588-021-00973-1","phs000168"
"10.1038/s41588-021-00973-1","phs000169"
"10.1038/s41588-021-00973-1","phs000170"
"10.1016/j.isci.2020.101551","phs000178"
"10.1038/s41588-021-00973-1","phs000187"
"10.1038/s41588-021-00973-1","phs000196"
"10.1038/s41588-021-00973-1","phs000206"
"10.1038/s41588-023-01561-1","phs000235"
"10.1038/s41588-021-00973-1","phs000237"
"10.1038/s41588-021-00973-1","phs000274"
"10.1038/s41586-022-05275-y","phs000283"
"10.1038/s41586-022-05275-y","phs000284"
"10.1038/s41586-022-05275-y","phs000286"
"10.1038/s41588-021-00973-1","phs000289"
"10.1038/s41586-022-04434-5","phs000294"
"10.1038/s41588-021-00973-1","phs000297"
"10.1038/s41588-021-00973-1","phs000303"
"10.1038/s41588-023-01561-1","phs000328"
"10.1038/s41588-021-00973-1","phs000336"
"10.1038/s41588-021-00973-1","phs000344"
"10.1038/s41588-021-00973-1","phs000346"
"10.1038/s41588-021-00973-1","phs000351"
"10.1038/s41588-023-01422-x","phs000356"
"10.1038/s41588-021-00973-1","phs000360"
"10.1038/s41586-022-05275-y","phs000386"
"10.1038/s41588-021-00973-1","phs000389"
"10.1038/s41588-021-00973-1","phs000394"
"10.1038/s41588-021-00973-1","phs000397"
"10.1038/s41588-021-00973-1","phs000421"
"10.3389/fneur.2021.635419","phs000424"
"10.3390/genes13010111","phs000424"
"10.1016/j.xgen.2023.100347","phs000424"
"10.1038/s41588-021-00973-1","phs000428"
"10.1038/s41588-021-00973-1","phs000460"
"10.3390/cancers13081807","phs000467"
"10.1038/s41586-022-05275-y","phs000557"
"10.1038/s41591-023-02397-2","phs000572"
"10.1038/s41586-022-05275-y","phs000613"
"10.1038/s41588-021-00973-1","phs000652"
"10.1038/s41588-021-00973-1","phs000678"
"10.1038/s41588-021-00973-1","phs000789"
"10.1038/s41588-021-00973-1","phs000812"
"10.1038/s41588-021-00973-1","phs000864"
"10.1038/s41588-021-00973-1","phs000869"
"10.1038/s41588-021-00973-1","phs000882"
"10.1038/s41588-021-00973-1","phs000893"
"10.1038/s41588-021-00973-1","phs000982"
"10.1038/s41588-021-00973-1","phs001039"
"10.1038/s41588-021-00973-1","phs001172"
"10.1038/s41591-023-02397-2","phs001368"
"10.1038/s41586-022-05275-y","phs001395"
"10.1038/s41588-023-01422-x","phs001584"
"10.1038/s41588-023-01485-w","phs001642"
"10.1038/s41588-021-00973-1","phs002068"
"10.1038/s41467-020-20850-5","prjeb20654"
"10.1038/s41467-023-40584-4","prjeb25605"
"10.1038/s41467-021-21612-7","prjeb26467"
"10.1186/s12864-023-09830-3","prjeb3289"
"10.1038/s41587-022-01551-4","prjeb37677"
"10.3389/fimmu.2022.1006136","prjeb38339"
"10.1038/s41467-020-19589-w","prjeb38742"
"10.1038/s41467-023-39824-4","prjeb38742"
"10.1038/s41467-023-41074-3","prjeb39631"
"10.1038/s41467-023-39824-4","prjeb46098"
"10.1371/journal.pntd.0009787","prjna170813"
"10.1038/s41593-022-01043-3","prjna185305"
"10.1038/s41467-020-20850-5","prjna200694"
"10.1038/s41586-021-04177-9","prjna275349"
"10.1111/mec.16099","prjna284224"
"10.1111/mec.16099","prjna293450"
"10.1371/journal.pntd.0009787","prjna299871"
"10.1159/000526228","prjna33175"
"10.3389/fcimb.2023.1324668","prjna33175"
"10.1038/s41586-021-04116-8","prjna338012"
"10.3324/haematol.2021.276048","prjna385337"
"10.3324/haematol.2020.276048","prjna385337"
"10.1038/s41586-021-04177-9","prjna48479"
"10.1038/s41586-021-04116-8","prjna506071"
"10.1038/s41588-022-01190-0","prjna506071"
"10.1038/s41586-021-04116-8","prjna523380"
"10.1038/s41588-023-01561-1","prjna523380"
"10.1038/s41467-021-22097-0","prjna531091"
"10.1038/s41467-021-23596-w","prjna544540"
"10.1038/s41593-023-01435-z","prjna544731"
"10.1038/s41467-022-35198-1","prjna547720"
"10.1158/1078-0432.ccr-21-3215","prjna558949"
"10.1038/s41586-023-06311-1","prjna629893"
"10.1371/journal.pntd.0009787","prjna71493"
"10.1172/jci164223","prjna726991"
"10.1038/s41592-019-0638-x","pxd002952"
"10.1038/s41467-023-40129-9","pxd004894"
"10.1038/s41592-019-0638-x","pxd005573"
"10.1038/s41592-019-0638-x","pxd006722"
"10.1038/s41467-023-40129-9","pxd010012"
"10.1021/acs.analchem.3c01673","pxd010317"
"10.1038/s41592-019-0638-x","pxd010529"
"10.1021/acs.analchem.3c01673","pxd011861"
"10.1038/s41587-021-00860-4","pxd012710"
"10.1038/s41467-022-31492-0","pxd013658"
"10.1186/s12974-023-02711-2","pxd015087"
"10.1021/acs.analchem.3c01673","pxd015160"
"10.15252/msb.20199356","pxd016278"
"10.1038/s41587-021-00860-4","pxd016662"
"10.1038/s41467-022-31492-0","pxd017703"
"10.1038/s41467-023-40129-9","pxd019958"
"10.1038/s41467-023-39869-5","pxd022992"
"10.1038/s41467-023-40129-9","pxd022992"
"10.1038/s41467-023-39869-5","pxd023325"
"10.1016/j.chom.2021.04.005","qhd43416"
"10.1016/j.chom.2021.04.005","qhr63300"
"10.1016/j.chom.2021.04.005","qlr06866"
"10.1016/j.cell.2023.09.027","qtrap5500"
"10.1002/eji.202350408","regn10933"
"10.1073/pnas.2020293118","rgfp109"
"10.3389/fnmol.2021.616886","rgfp109"
"10.3389/fnmol.2021.616886","rgfp966"
"10.1038/s41586-021-03363-z","rpmi1640"
"10.1016/j.immuni.2023.01.029","rpmi1640"
"10.1038/s41467-021-20918-w","rs143384"
"10.1093/nargab/lqaa036","rs180046"
"10.1038/s41467-020-19265-z","rs180049"
"10.31083/j.jin2106171","rs180049"
"10.1038/s41398-022-02196-2","rs198538"
"10.1126/science.abj1541","rs212100"
"10.1038/s41467-021-27198-4","rs223114"
"10.1007/s40618-020-01287-5","rs225014"
"10.1371/journal.pcbi.1007616","rs228697"
"10.1038/s41467-021-20918-w","rs289961"
"10.1038/s41588-019-0567-8","rs414905"
"10.3389/fnagi.2021.675583","rs429358"
"10.1002/alz.12763","rs429358"
"10.1038/s41586-022-05344-2","rs429358"
"10.1038/s41593-022-01042-4","rs429358"
"10.1093/brain/awac385","rs429358"
"10.1093/nargab/lqaa036","rs479482"
"10.1093/hmg/ddab263","rs532436"
"10.1038/s41435-019-0080-1","rs610913"
"10.1111/cge.13826","rs629301"
"10.1038/s41467-021-27164-0","rs666561"
"10.1093/nargab/lqaa036","rs721638"
"10.1007/s10654-020-00638-z","rs724577"
"10.1002/art.41637","rs774939"
"10.1038/s41588-019-0567-8","rs776746"
"10.1038/s41588-021-00921-z","rs871269"
"10.1016/j.ajhg.2023.01.002","rs883541"
"10.1016/j.eclinm.2023.101827","rs893260"
"10.1093/nargab/lqaa036","rs907091"
"10.1016/bs.pbr.2021.01.022","rs915539"
"10.1002/ijc.33171","rs927214"
"10.1093/bioinformatics/btac369","rs936226"
"10.1038/s41592-023-01986-w","sb431542"
"10.1371/journal.pcbi.1009515","sch77298"
"10.1186/s13059-021-02397-w","seq00010"
"10.15252/embr.201948530","sig39320"
"10.1186/s40168-022-01249-4","silva138"
"10.1084/jem.20220826","srp010970"
"10.1093/nar/gkaa568","srp057027"
"10.1093/nar/gkaa568","srp059928"
"10.1126/sciimmunol.abl4340","srp3061"
"10.1126/sciimmunol.abg3533","srr2075567"
"10.3390/antibiotics11101286","st101"
"10.1186/s13756-020-00754-1","st117"
"10.3390/microorganisms10081603","st117"
"10.1099/mgen.0.000937","st117"
"10.3389/fmicb.2021.662575","st131"
"10.1038/s43856-023-00309-6","st131"
"10.1016/j.neuron.2021.03.013","st2"
"10.1016/j.immuni.2023.01.029","st2"
"10.1038/s41587-023-01881-x","st2"
"10.1111/pai.13854","st2"
"10.3390/antibiotics11101286","st307"
"10.3389/fmicb.2021.662575","st410"
"10.1016/j.jaci.2020.04.059","st6"
"10.1038/s41591-020-0868-6","st6"
"10.1016/j.cell.2022.06.007","st6"
"10.1099/mgen.0.000937","st78"
"10.1128/spectrum.02839-23","tcc25922"
"10.1111/bpa.12909","tmem119"
"10.1038/s41591-023-02673-1","tmem119"
"10.1093/cid/ciac745","tr002306"
"10.1093/cid/ciac745","tr003015"
"10.1016/j.biopsych.2019.06.031","tr130505"
"10.3390/ijms21145098","trmt112"
"10.1016/j.ccell.2022.09.001","uacc903"
"10.1007/s00401-021-02377-1","ucsf500"
"10.1007/s00401-022-02516-2","ucsf500"
"10.1016/j.molmet.2022.101588","vevo2100"
"10.1038/s41467-021-27634-5","vevo3100"
"10.1038/s41598-023-28203-0","vnmrs500"
"10.1016/j.jaci.2020.04.059","wbkls0050"
"10.1038/s41380-020-0787-4","wbluf0500"
"10.1158/1078-0432.ccr-22-3790","wo201505"
"10.1080/08989621.2022.2071153","osf_8jye2"
"10.1016/j.jclinepi.2021.12.012","osf_98j7u"
"10.3390/ijerph191811733","osf_uxftz"
