"doi","author","position","dataset","citing_doi"
"10.1007/s00401-021-02377-1","Simone Schmid","first","gse185041","10.1007/s12022-022-09727-z"
"10.1016/j.biopsych.2021.04.006","Ningfei Li","first","10.7910/dvn/25833","10.1101/2022.05.13.491903"
"10.1016/j.biopsych.2021.04.006","Andreas Horn","last","10.7910/dvn/25833","10.1101/2022.05.13.491903"
"10.1016/j.molcel.2020.11.037","Matthew L. Kraushar","first","6swa","10.7554/elife.80980"
"10.1016/j.molcel.2020.11.037","Matthew L. Kraushar","first","nm_011119","10.1371/journal.pone.0067068"
"10.1016/j.molcel.2020.11.037","Matthew L. Kraushar","first","nm_011119","10.1186/1741-7007-7-25"
"10.1016/j.molcel.2020.11.037","Matthew L. Kraushar","first","nm_011119","10.1007/s00335-013-9486-7"
"10.1016/j.molcel.2020.11.037","Matthew L. Kraushar","first","nm_011119","10.3390/ijms21072609"
"10.1016/j.molcel.2020.11.037","C.M.T. Spahn","last","6swa","10.7554/elife.80980"
"10.1016/j.molcel.2020.11.037","C.M.T. Spahn","last","nm_011119","10.1371/journal.pone.0067068"
"10.1016/j.molcel.2020.11.037","C.M.T. Spahn","last","nm_011119","10.1186/1741-7007-7-25"
"10.1016/j.molcel.2020.11.037","C.M.T. Spahn","last","nm_011119","10.1007/s00335-013-9486-7"
"10.1016/j.molcel.2020.11.037","C.M.T. Spahn","last","nm_011119","10.3390/ijms21072609"
"10.1038/s41467-020-17467-z","Kolja Schleich","first","gse4475","10.3389/fimmu.2022.1036239"
"10.1038/s41467-020-17467-z","Kolja Schleich","first","gse4475","10.1186/s12943-022-01687-6"
"10.1038/s41467-020-17467-z","Kolja Schleich","first","gse4475","10.1177/15330338221147772"
"10.1038/s41467-020-17467-z","Kolja Schleich","first","gse4475","10.3390/cancers11010088"
"10.1038/s41467-020-17467-z","Kolja Schleich","first","gse4475","10.1016/j.omtn.2022.01.015"
"10.1038/s41467-020-17467-z","Kolja Schleich","first","gse4475","10.1371/journal.pone.0019322"
"10.1038/s41467-020-17467-z","Kolja Schleich","first","gse4475","10.3389/fimmu.2022.900273"
"10.1038/s41467-020-17467-z","Kolja Schleich","first","gse4475","10.3389/fgene.2023.1093163"
"10.1038/s41467-020-17467-z","Kolja Schleich","first","gse4475","10.7150/jca.64661"
"10.1038/s41467-020-17467-z","Kolja Schleich","first","gse4475","10.7150/jca.27655"
"10.1038/s41467-020-17467-z","Kolja Schleich","first","gse4475","10.1073/pnas.2215376120"
"10.1038/s41467-020-17467-z","Kolja Schleich","first","gse4475","10.1158/0008-5472.can-21-1168"
"10.1038/s41467-020-17467-z","Kolja Schleich","first","gse4475","10.1186/s13073-015-0218-3"
"10.1038/s41467-020-17467-z","Kolja Schleich","first","gse4475","10.18632/oncotarget.774"
"10.1038/s41467-020-17467-z","Kolja Schleich","first","gse4475","10.1038/s41467-020-16447-7"
"10.1038/s41467-020-17467-z","Kolja Schleich","first","gse4475","10.1186/1755-8794-2-18"
"10.1038/s41467-020-17467-z","Kolja Schleich","first","gse4475","10.3390/biom12121835"
"10.1038/s41467-020-17467-z","Kolja Schleich","first","gse4475","10.1038/ncomms16041"
"10.1038/s41467-020-17467-z","Kolja Schleich","first","gse4475","10.1371/journal.pone.0055895"
"10.1038/s41467-020-17467-z","Kolja Schleich","first","gse4475","10.1038/s41598-021-00746-0"
"10.1038/s41467-020-17467-z","Kolja Schleich","first","gse4475","10.3390/biology2041411"
"10.1038/s41467-020-17467-z","Kolja Schleich","first","gse4475","10.18632/oncotarget.1637"
"10.1038/s41467-020-17467-z","Kolja Schleich","first","gse4475","10.1158/2159-8290.cd-20-1378"
"10.1038/s41467-020-17467-z","Kolja Schleich","first","gse4475","10.1093/nar/gku451"
"10.1038/s41467-020-17467-z","Kolja Schleich","first","gse4475","10.1186/1471-2105-14-s3-s8"
"10.1038/s41467-020-17467-z","Kolja Schleich","first","gse4475","10.1186/1471-2407-10-586"
"10.1038/s41467-020-17467-z","Kolja Schleich","first","gse4475","10.1186/1471-2105-8-415"
"10.1038/s41467-020-17467-z","Kolja Schleich","first","gse4475","10.1038/ncomms3598"
"10.1038/s41467-020-17467-z","Kolja Schleich","first","gse4475","10.1002/emmm.201202034"
"10.1038/s41467-020-17467-z","Kolja Schleich","first","gse4475","10.1038/s41598-019-48721-0"
"10.1038/s41467-020-17467-z","Kolja Schleich","first","gse4475","10.1158/2326-6066.cir-21-0813"
"10.1038/s41467-020-17467-z","Kolja Schleich","first","gse4475","10.1371/journal.pone.0024617"
"10.1038/s41467-020-17467-z","Kolja Schleich","first","gse4475","10.1186/s13073-015-0187-6"
"10.1038/s41467-020-17467-z","Kolja Schleich","first","gse4475","10.3389/fonc.2022.970544"
"10.1038/s41467-020-17467-z","Kolja Schleich","first","gse4475","10.18632/aging.100096"
"10.1038/s41467-020-17467-z","Kolja Schleich","first","gse4475","10.3389/fonc.2021.691199"
"10.1038/s41467-020-17467-z","Kolja Schleich","first","gse4475","10.3389/fphar.2021.785981"
"10.1038/s41467-020-17467-z","Kolja Schleich","first","gse4475","10.1371/journal.pone.0106788"
"10.1038/s41467-020-17467-z","Kolja Schleich","first","gse4475","10.1186/s12943-017-0580-4"
"10.1038/s41467-020-17467-z","Kolja Schleich","first","gse4475","10.3389/fonc.2020.01520"
"10.1038/s41467-020-17467-z","Kolja Schleich","first","gse4475","10.1002/cjp2.266"
"10.1038/s41467-020-17467-z","Kolja Schleich","first","gse4475","10.3389/fgene.2021.648800"
"10.1038/s41467-020-17467-z","Kolja Schleich","first","gse4475","10.3389/fmolb.2021.745649"
"10.1038/s41467-020-17467-z","Kolja Schleich","first","gse4475","10.7150/ijbs.53312"
"10.1038/s41467-020-17467-z","Kolja Schleich","first","gse4475","10.1155/2022/8115474"
"10.1038/s41467-020-17467-z","Kolja Schleich","first","gse4475","10.1038/bcj.2015.40"
"10.1038/s41467-021-25030-7","Geraldine Nouailles","first","gse162208","10.1101/2022.03.15.484018"
"10.1038/s41467-021-25030-7","Geraldine Nouailles","first","gse162208","10.1021/acsomega.2c05376"
"10.1038/s41467-021-25030-7","Martin Witzenrath","last","gse162208","10.1101/2022.03.15.484018"
"10.1038/s41467-021-25030-7","Martin Witzenrath","last","gse162208","10.1021/acsomega.2c05376"
"10.1038/s41467-022-31492-0","Vadim Demichev","first","up000005640","10.1038/s41531-022-00423-7"
"10.1038/s41467-022-31492-0","Vadim Demichev","first","up000005640","10.21203/rs.3.rs-1521848/v1"
"10.1038/s41467-022-31492-0","Vadim Demichev","first","up000005640","10.1101/2022.12.06.519342"
"10.1038/s41467-022-31492-0","Vadim Demichev","first","up000005640","10.1073/pnas.2312676121"
"10.1038/s41467-022-31492-0","Vadim Demichev","first","up000005640","10.1038/s41467-023-37454-4"
"10.1038/s41467-022-31492-0","Vadim Demichev","first","up000005640","10.1101/2023.07.25.550405"
"10.1038/s41467-022-31492-0","Markus Ralser","last","up000005640","10.1038/s41531-022-00423-7"
"10.1038/s41467-022-31492-0","Markus Ralser","last","up000005640","10.21203/rs.3.rs-1521848/v1"
"10.1038/s41467-022-31492-0","Markus Ralser","last","up000005640","10.1101/2022.12.06.519342"
"10.1038/s41467-022-31492-0","Markus Ralser","last","up000005640","10.1073/pnas.2312676121"
"10.1038/s41467-022-31492-0","Markus Ralser","last","up000005640","10.1038/s41467-023-37454-4"
"10.1038/s41467-022-31492-0","Markus Ralser","last","up000005640","10.1101/2023.07.25.550405"
"10.1038/s41586-021-03995-1","Soyoung Lee","first","10.6084/m9.figshare.12436517","10.15252/msb.202110260"
"10.1038/s41598-020-64431-4","Biljana Smiljanovic","first","gse55235","10.1186/s13018-022-03453-2"
"10.1038/s41598-020-64431-4","Biljana Smiljanovic","first","gse55235","10.1155/2022/1905077"
"10.1038/s41598-020-64431-4","Biljana Smiljanovic","first","gse55235","10.1038/s41598-022-21988-6"
"10.1038/s41598-020-64431-4","Biljana Smiljanovic","first","gse55235","10.3389/fimmu.2022.871008"
"10.1038/s41598-020-64431-4","Biljana Smiljanovic","first","gse55235","10.1186/s13045-017-0526-8"
"10.1038/s41598-020-64431-4","Biljana Smiljanovic","first","gse55235","10.3389/fimmu.2022.893301"
"10.1038/s41598-020-64431-4","Biljana Smiljanovic","first","gse55235","10.1038/s41598-022-08274-1"
"10.1038/s41598-020-64431-4","Biljana Smiljanovic","first","gse55235","10.1186/s13059-016-0948-6"
"10.1038/s41598-020-64431-4","Biljana Smiljanovic","first","gse55235","10.1016/j.jot.2022.02.007"
"10.1038/s41598-020-64431-4","Biljana Smiljanovic","first","gse55235","10.3389/fimmu.2022.1058884"
"10.1038/s41598-020-64431-4","Biljana Smiljanovic","first","gse55235","10.1186/s13018-021-02402-9"
"10.1038/s41598-020-64431-4","Biljana Smiljanovic","first","gse55235","10.1155/2022/8027987"
"10.1038/s41598-020-64431-4","Biljana Smiljanovic","first","gse55235","10.1186/s12891-022-05277-x"
"10.1038/s41598-020-64431-4","Biljana Smiljanovic","first","gse55235","10.3390/biom13030539"
"10.1038/s41598-020-64431-4","Biljana Smiljanovic","first","gse55235","10.3389/fimmu.2022.1041284"
"10.1038/s41598-020-64431-4","Biljana Smiljanovic","first","gse55235","10.1038/s41598-023-29153-3"
"10.1038/s41598-020-64431-4","Biljana Smiljanovic","first","gse55235","10.1111/os.12412"
"10.1038/s41598-020-64431-4","Biljana Smiljanovic","first","gse55235","10.1155/2022/5600190"
"10.1038/s41598-020-64431-4","Biljana Smiljanovic","first","gse55235","10.7717/peerj.8390"
"10.1038/s41598-020-64431-4","Biljana Smiljanovic","first","gse55235","10.1038/s41598-020-73147-4"
"10.1038/s41598-020-64431-4","Biljana Smiljanovic","first","gse55235","10.1186/s13018-022-03247-6"
"10.1038/s41598-020-64431-4","Biljana Smiljanovic","first","gse55235","10.3389/fimmu.2023.1090596"
"10.1038/s41598-020-64431-4","Biljana Smiljanovic","first","gse55235","10.1186/s13075-022-02902-x"
"10.1038/s41598-020-64431-4","Biljana Smiljanovic","first","gse55235","10.1093/jhps/hnaa036"
"10.1038/s41598-020-64431-4","Biljana Smiljanovic","first","gse55235","10.7717/peerj.3078"
"10.1038/s41598-020-64431-4","Biljana Smiljanovic","first","gse55235","10.3389/fmed.2022.799440"
"10.1038/s41598-020-64431-4","Biljana Smiljanovic","first","gse55235","10.1038/s41598-023-31438-6"
"10.1038/s41598-020-64431-4","Biljana Smiljanovic","first","gse55235","10.3389/fcell.2023.1099287"
"10.1038/s41598-020-64431-4","Biljana Smiljanovic","first","gse55235","10.1371/journal.pone.0164542"
"10.1038/s41598-020-64431-4","Biljana Smiljanovic","first","gse55235","10.21037/atm-22-3888"
"10.1038/s41598-020-64431-4","Biljana Smiljanovic","first","gse55235","10.3389/fimmu.2019.02612"
"10.1038/s41598-020-64431-4","Biljana Smiljanovic","first","gse55235","10.3389/fmolb.2021.691602"
"10.1038/s41598-020-64431-4","Biljana Smiljanovic","first","gse55235","10.3390/ijms18112396"
"10.1038/s41598-020-64431-4","Biljana Smiljanovic","first","gse55235","10.3389/fimmu.2018.03085"
"10.1038/s41598-020-64431-4","Biljana Smiljanovic","first","gse55235","10.1155/2020/6943103"
"10.1038/s41598-020-64431-4","Biljana Smiljanovic","first","gse55235","10.7150/ijms.35611"
"10.1038/s41598-020-64431-4","Biljana Smiljanovic","first","gse55235","10.3389/fimmu.2023.1128459"
"10.1038/s41598-020-64431-4","Biljana Smiljanovic","first","gse55235","10.1155/2022/4071472"
"10.1038/s41598-020-64431-4","Biljana Smiljanovic","first","gse55235","10.1155/2022/1926661"
"10.1038/s41598-020-64431-4","Biljana Smiljanovic","first","gse55235","10.6026/97320630011207"
"10.1038/s41598-020-64431-4","Biljana Smiljanovic","first","gse55235","10.21037/atm-22-4934"
"10.1038/s41598-020-64431-4","Biljana Smiljanovic","first","gse55235","10.3389/fncel.2022.1013745"
"10.1038/s41598-020-64431-4","Biljana Smiljanovic","first","gse55235","10.3390/jpm13020367"
"10.1038/s41598-020-64431-4","Biljana Smiljanovic","first","gse55235","10.3892/br.2021.1457"
"10.1038/s41598-020-64431-4","Biljana Smiljanovic","first","gse55235","10.12659/msm.915451"
"10.1038/s41598-020-64431-4","Biljana Smiljanovic","first","gse55235","10.7717/peerj.5743"
"10.1038/s41598-020-64431-4","Biljana Smiljanovic","first","gse55235","10.1038/s41598-020-67730-y"
"10.1038/s41598-020-64431-4","Biljana Smiljanovic","first","gse55235","10.18632/oncotarget.7390"
"10.1038/s41598-020-64431-4","Biljana Smiljanovic","first","gse55235","10.1155/2021/9911184"
"10.1038/s41598-020-64431-4","Biljana Smiljanovic","first","gse55235","10.21037/atm-21-4566"
"10.1038/s41598-020-64431-4","Biljana Smiljanovic","first","gse55235","10.1302/2046-3758.98.bjr-2019-0301.r1"
"10.1038/s41598-020-64431-4","Biljana Smiljanovic","first","gse55235","10.3389/fimmu.2022.1078414"
"10.1038/s41598-020-64431-4","Biljana Smiljanovic","first","gse55235","10.3389/fgene.2022.905027"
"10.1038/s41598-020-64431-4","Biljana Smiljanovic","first","gse55235","10.3389/fmolb.2021.761841"
"10.1038/s41598-020-64431-4","Biljana Smiljanovic","first","gse55235","10.3389/fmolb.2021.748360"
"10.1038/s41598-020-64431-4","Biljana Smiljanovic","first","gse55235","10.3389/fphar.2022.843358"
"10.1038/s41598-020-64431-4","Biljana Smiljanovic","first","gse55235","10.1186/s12891-022-05567-4"
"10.1038/s41598-020-64431-4","Biljana Smiljanovic","first","gse55235","10.3389/fimmu.2022.1044909"
"10.1038/s41598-020-64431-4","Biljana Smiljanovic","first","gse55235","10.1042/bsr20201713"
"10.1038/s41598-020-64431-4","Biljana Smiljanovic","first","gse55235","10.1155/2020/2379280"
"10.1038/s41598-020-64431-4","Biljana Smiljanovic","first","gse55235","10.1371/journal.pone.0167212"
"10.1038/s41598-020-64431-4","Biljana Smiljanovic","first","gse55235","10.1302/2046-3758.119.bjr-2022-0075.r1"
"10.1038/s41598-020-64431-4","Biljana Smiljanovic","first","gse55235","10.3892/etm.2020.9450"
"10.1038/s41598-020-64431-4","Biljana Smiljanovic","first","gse55235","10.3389/fmolb.2022.992044"
"10.1038/s41598-020-64431-4","Biljana Smiljanovic","first","gse55235","10.1002/cbf.3491"
"10.1038/s41598-020-64431-4","Biljana Smiljanovic","first","gse55235","10.1155/2022/6783659"
"10.1038/s41598-020-64431-4","Biljana Smiljanovic","first","gse55235","10.1038/s41598-021-94607-5"
"10.1038/s41598-020-64431-4","Biljana Smiljanovic","first","gse55235","10.1155/2022/8023779"
"10.1038/s41598-020-64431-4","Biljana Smiljanovic","first","gse55235","10.1186/s41231-020-00066-x"
"10.1038/s41598-020-64431-4","Biljana Smiljanovic","first","gse55235","10.3390/genes13091501"
"10.1038/s41598-020-64431-4","Biljana Smiljanovic","first","gse55235","10.3389/fimmu.2022.954848"
"10.1038/s41598-020-64431-4","Biljana Smiljanovic","first","gse55235","10.1155/2022/9252319"
"10.1038/s41598-020-64431-4","Biljana Smiljanovic","first","gse55235","10.1186/s13018-021-02796-6"
"10.1038/s41598-020-64431-4","Biljana Smiljanovic","first","gse55235","10.3389/fphar.2021.672054"
"10.1038/s41598-020-64431-4","Biljana Smiljanovic","first","gse55235","10.3389/fgene.2022.870590"
"10.1038/s41598-020-64431-4","Biljana Smiljanovic","first","gse55235","10.3390/jcm7120535"
"10.1038/s41598-020-64431-4","Biljana Smiljanovic","first","gse55235","10.3389/fimmu.2022.1013322"
"10.1038/s41598-020-64431-4","Biljana Smiljanovic","first","gse55235","10.3390/jcm8010050"
"10.1038/s41598-020-64431-4","Biljana Smiljanovic","first","gse55235","10.1186/s12859-016-1065-y"
"10.1038/s41598-020-64431-4","Biljana Smiljanovic","first","gse55235","10.1302/2046-3758.74.bjr-2017-0245.r1"
"10.1038/s41598-020-64431-4","Biljana Smiljanovic","first","gse55235","10.1186/s13018-020-01756-w"
"10.1038/s41598-020-64431-4","Biljana Smiljanovic","first","gse55235","10.1371/journal.pone.0161306"
"10.1038/s41598-020-64431-4","Biljana Smiljanovic","first","gse55235","10.3892/mmr.2018.9677"
"10.1038/s41598-020-64431-4","Biljana Smiljanovic","first","gse55235","10.1186/s13018-018-0734-0"
"10.1038/s41598-020-64431-4","Biljana Smiljanovic","first","gse55235","10.3389/fgene.2021.721258"
"10.1038/s41598-020-64431-4","Biljana Smiljanovic","first","gse55235","10.1016/j.heliyon.2023.e12799"
"10.1038/s41598-020-64431-4","Biljana Smiljanovic","first","gse55235","10.3389/fphar.2022.888533"
"10.1038/s41598-020-64431-4","Biljana Smiljanovic","first","gse55235","10.1186/s13018-023-03700-0"
"10.1038/s41598-020-64431-4","Biljana Smiljanovic","first","gse55235","10.3389/fgene.2022.1040438"
"10.1038/s41598-020-64431-4","Biljana Smiljanovic","first","gse55235","10.1038/s41598-021-86319-7"
"10.1038/s41598-020-64431-4","Biljana Smiljanovic","first","gse55235","10.3389/fgene.2023.1117713"
"10.1038/s41598-020-64431-4","Biljana Smiljanovic","first","gse55235","10.1038/s41598-020-70596-9"
"10.1038/s41598-020-64431-4","Biljana Smiljanovic","first","gse55235","10.3389/fimmu.2022.1013531"
"10.1038/s41598-020-64431-4","Biljana Smiljanovic","first","gse55235","10.1371/journal.pone.0224632"
"10.1038/s41598-020-64431-4","Biljana Smiljanovic","first","gse55235","10.3389/fmolb.2023.1066885"
"10.1038/s41598-020-64431-4","Biljana Smiljanovic","first","gse55235","10.1080/21655979.2022.2061288"
"10.1038/s41598-020-64431-4","Biljana Smiljanovic","first","gse55235","10.1186/s12920-023-01445-7"
"10.1038/s41598-020-64431-4","Biljana Smiljanovic","first","gse55235","10.1155/2022/6060677"
"10.1038/s41598-020-64431-4","Biljana Smiljanovic","first","gse55235","10.1042/bsr20193823"
"10.1038/s41598-020-64431-4","Biljana Smiljanovic","first","gse55235","10.1186/s13018-023-03541-x"
"10.1038/s41598-020-64431-4","Biljana Smiljanovic","first","gse55235","10.2147/jir.s287242"
"10.1038/s41598-020-64431-4","Biljana Smiljanovic","first","gse55235","10.3389/fphys.2018.00516"
"10.1038/s41598-020-64431-4","Biljana Smiljanovic","first","gse55235","10.3390/diagnostics10030171"
"10.1038/s41598-020-64431-4","Biljana Smiljanovic","first","gse55235","10.7150/ijms.27056"
"10.1038/s41598-020-64431-4","Biljana Smiljanovic","first","gse55235","10.1186/s41065-020-00169-3"
"10.1038/s41598-020-64431-4","Biljana Smiljanovic","first","gse55235","10.3389/fmed.2022.1052792"
"10.1038/s41598-020-64431-4","Biljana Smiljanovic","first","gse55235","10.3389/fendo.2023.1144258"
"10.1038/s41598-020-64431-4","Biljana Smiljanovic","first","gse55235","10.1155/2018/9482726"
"10.1038/s41598-020-64431-4","Biljana Smiljanovic","first","gse55235","10.1097/md.0000000000028321"
"10.1038/s41598-020-64431-4","Biljana Smiljanovic","first","gse55235","10.3389/fimmu.2023.1007624"
"10.1038/s41598-020-64431-4","Biljana Smiljanovic","first","gse55235","10.3389/fgene.2021.743560"
"10.1038/s41598-020-64431-4","Biljana Smiljanovic","first","gse55235","10.1371/journal.pone.0199530"
"10.1038/s41598-020-64431-4","Biljana Smiljanovic","first","gse55235","10.3389/fimmu.2023.1134412"
"10.1038/s41598-020-64431-4","Biljana Smiljanovic","first","gse55235","10.3389/fimmu.2021.726747"
"10.1038/s41598-020-64431-4","Biljana Smiljanovic","first","gse55235","10.3389/fimmu.2017.00074"
"10.1038/s41598-020-64431-4","Biljana Smiljanovic","first","gse55235","10.3892/mmr.2020.11168"
"10.1038/s41598-020-64431-4","Biljana Smiljanovic","first","gse55235","10.1038/s41598-019-51627-6"
"10.1038/s41598-020-64431-4","Biljana Smiljanovic","first","gse55235","10.3892/etm.2022.11295"
"10.1038/s41598-020-64431-4","Biljana Smiljanovic","first","gse55235","10.1038/s41598-023-28000-9"
"10.1038/s41598-020-64431-4","Biljana Smiljanovic","first","gse55235","10.1155/2021/5074305"
"10.1038/s41598-020-64431-4","Biljana Smiljanovic","first","gse38351","10.3390/genes12121898"
"10.1038/s41598-020-64431-4","Biljana Smiljanovic","first","gse38351","10.1371/journal.pone.0208132"
"10.1038/s41598-020-64431-4","Biljana Smiljanovic","first","gse38351","10.1186/s12920-016-0227-0"
"10.1038/s41598-020-64431-4","Biljana Smiljanovic","first","gse38351","10.1038/s42003-019-0382-x"
"10.1038/s41598-020-64431-4","Biljana Smiljanovic","first","gse38351","10.3389/fimmu.2020.575074"
"10.1038/s41598-020-64431-4","Biljana Smiljanovic","first","gse38351","10.3389/fimmu.2021.668007"
"10.1038/s41598-020-64431-4","Biljana Smiljanovic","first","gse38351","10.3389/fmolb.2017.00096"
"10.1038/s41598-020-64431-4","Biljana Smiljanovic","first","gse38351","10.1038/s41598-019-45989-0"
"10.1038/s41598-020-64431-4","Biljana Smiljanovic","first","gse51997","10.3390/genes12121898"
"10.1038/s41598-020-64431-4","Biljana Smiljanovic","first","gse51997","10.1371/journal.pone.0208132"
"10.1038/s41598-020-64431-4","Biljana Smiljanovic","first","gse51997","10.12688/f1000research.8182.2"
"10.1038/s41598-020-64431-4","Biljana Smiljanovic","first","gse51997","10.3389/fimmu.2020.575074"
"10.1038/s41598-020-64431-4","Biljana Smiljanovic","first","gse51997","10.3390/genes13020209"
"10.1038/s41598-020-64431-4","Biljana Smiljanovic","first","gse51997","10.1155/2022/9096999"
"10.1038/s41598-020-64431-4","Biljana Smiljanovic","first","gse58173","10.1186/s12859-016-1141-3"
"10.1038/s41598-020-64431-4","Thomas Häupl","last","gse55235","10.1186/s13018-022-03453-2"
"10.1038/s41598-020-64431-4","Thomas Häupl","last","gse55235","10.1155/2022/1905077"
"10.1038/s41598-020-64431-4","Thomas Häupl","last","gse55235","10.1038/s41598-022-21988-6"
"10.1038/s41598-020-64431-4","Thomas Häupl","last","gse55235","10.3389/fimmu.2022.871008"
"10.1038/s41598-020-64431-4","Thomas Häupl","last","gse55235","10.1186/s13045-017-0526-8"
"10.1038/s41598-020-64431-4","Thomas Häupl","last","gse55235","10.3389/fimmu.2022.893301"
"10.1038/s41598-020-64431-4","Thomas Häupl","last","gse55235","10.1038/s41598-022-08274-1"
"10.1038/s41598-020-64431-4","Thomas Häupl","last","gse55235","10.1186/s13059-016-0948-6"
"10.1038/s41598-020-64431-4","Thomas Häupl","last","gse55235","10.1016/j.jot.2022.02.007"
"10.1038/s41598-020-64431-4","Thomas Häupl","last","gse55235","10.3389/fimmu.2022.1058884"
"10.1038/s41598-020-64431-4","Thomas Häupl","last","gse55235","10.1186/s13018-021-02402-9"
"10.1038/s41598-020-64431-4","Thomas Häupl","last","gse55235","10.1155/2022/8027987"
"10.1038/s41598-020-64431-4","Thomas Häupl","last","gse55235","10.1186/s12891-022-05277-x"
"10.1038/s41598-020-64431-4","Thomas Häupl","last","gse55235","10.3390/biom13030539"
"10.1038/s41598-020-64431-4","Thomas Häupl","last","gse55235","10.3389/fimmu.2022.1041284"
"10.1038/s41598-020-64431-4","Thomas Häupl","last","gse55235","10.1038/s41598-023-29153-3"
"10.1038/s41598-020-64431-4","Thomas Häupl","last","gse55235","10.1111/os.12412"
"10.1038/s41598-020-64431-4","Thomas Häupl","last","gse55235","10.1155/2022/5600190"
"10.1038/s41598-020-64431-4","Thomas Häupl","last","gse55235","10.7717/peerj.8390"
"10.1038/s41598-020-64431-4","Thomas Häupl","last","gse55235","10.1038/s41598-020-73147-4"
"10.1038/s41598-020-64431-4","Thomas Häupl","last","gse55235","10.1186/s13018-022-03247-6"
"10.1038/s41598-020-64431-4","Thomas Häupl","last","gse55235","10.3389/fimmu.2023.1090596"
"10.1038/s41598-020-64431-4","Thomas Häupl","last","gse55235","10.1186/s13075-022-02902-x"
"10.1038/s41598-020-64431-4","Thomas Häupl","last","gse55235","10.1093/jhps/hnaa036"
"10.1038/s41598-020-64431-4","Thomas Häupl","last","gse55235","10.7717/peerj.3078"
"10.1038/s41598-020-64431-4","Thomas Häupl","last","gse55235","10.3389/fmed.2022.799440"
"10.1038/s41598-020-64431-4","Thomas Häupl","last","gse55235","10.1038/s41598-023-31438-6"
"10.1038/s41598-020-64431-4","Thomas Häupl","last","gse55235","10.3389/fcell.2023.1099287"
"10.1038/s41598-020-64431-4","Thomas Häupl","last","gse55235","10.1371/journal.pone.0164542"
"10.1038/s41598-020-64431-4","Thomas Häupl","last","gse55235","10.21037/atm-22-3888"
"10.1038/s41598-020-64431-4","Thomas Häupl","last","gse55235","10.3389/fimmu.2019.02612"
"10.1038/s41598-020-64431-4","Thomas Häupl","last","gse55235","10.3389/fmolb.2021.691602"
"10.1038/s41598-020-64431-4","Thomas Häupl","last","gse55235","10.3390/ijms18112396"
"10.1038/s41598-020-64431-4","Thomas Häupl","last","gse55235","10.3389/fimmu.2018.03085"
"10.1038/s41598-020-64431-4","Thomas Häupl","last","gse55235","10.1155/2020/6943103"
"10.1038/s41598-020-64431-4","Thomas Häupl","last","gse55235","10.7150/ijms.35611"
"10.1038/s41598-020-64431-4","Thomas Häupl","last","gse55235","10.3389/fimmu.2023.1128459"
"10.1038/s41598-020-64431-4","Thomas Häupl","last","gse55235","10.1155/2022/4071472"
"10.1038/s41598-020-64431-4","Thomas Häupl","last","gse55235","10.1155/2022/1926661"
"10.1038/s41598-020-64431-4","Thomas Häupl","last","gse55235","10.6026/97320630011207"
"10.1038/s41598-020-64431-4","Thomas Häupl","last","gse55235","10.21037/atm-22-4934"
"10.1038/s41598-020-64431-4","Thomas Häupl","last","gse55235","10.3389/fncel.2022.1013745"
"10.1038/s41598-020-64431-4","Thomas Häupl","last","gse55235","10.3390/jpm13020367"
"10.1038/s41598-020-64431-4","Thomas Häupl","last","gse55235","10.3892/br.2021.1457"
"10.1038/s41598-020-64431-4","Thomas Häupl","last","gse55235","10.12659/msm.915451"
"10.1038/s41598-020-64431-4","Thomas Häupl","last","gse55235","10.7717/peerj.5743"
"10.1038/s41598-020-64431-4","Thomas Häupl","last","gse55235","10.1038/s41598-020-67730-y"
"10.1038/s41598-020-64431-4","Thomas Häupl","last","gse55235","10.18632/oncotarget.7390"
"10.1038/s41598-020-64431-4","Thomas Häupl","last","gse55235","10.1155/2021/9911184"
"10.1038/s41598-020-64431-4","Thomas Häupl","last","gse55235","10.21037/atm-21-4566"
"10.1038/s41598-020-64431-4","Thomas Häupl","last","gse55235","10.1302/2046-3758.98.bjr-2019-0301.r1"
"10.1038/s41598-020-64431-4","Thomas Häupl","last","gse55235","10.3389/fimmu.2022.1078414"
"10.1038/s41598-020-64431-4","Thomas Häupl","last","gse55235","10.3389/fgene.2022.905027"
"10.1038/s41598-020-64431-4","Thomas Häupl","last","gse55235","10.3389/fmolb.2021.761841"
"10.1038/s41598-020-64431-4","Thomas Häupl","last","gse55235","10.3389/fmolb.2021.748360"
"10.1038/s41598-020-64431-4","Thomas Häupl","last","gse55235","10.3389/fphar.2022.843358"
"10.1038/s41598-020-64431-4","Thomas Häupl","last","gse55235","10.1186/s12891-022-05567-4"
"10.1038/s41598-020-64431-4","Thomas Häupl","last","gse55235","10.3389/fimmu.2022.1044909"
"10.1038/s41598-020-64431-4","Thomas Häupl","last","gse55235","10.1042/bsr20201713"
"10.1038/s41598-020-64431-4","Thomas Häupl","last","gse55235","10.1155/2020/2379280"
"10.1038/s41598-020-64431-4","Thomas Häupl","last","gse55235","10.1371/journal.pone.0167212"
"10.1038/s41598-020-64431-4","Thomas Häupl","last","gse55235","10.1302/2046-3758.119.bjr-2022-0075.r1"
"10.1038/s41598-020-64431-4","Thomas Häupl","last","gse55235","10.3892/etm.2020.9450"
"10.1038/s41598-020-64431-4","Thomas Häupl","last","gse55235","10.3389/fmolb.2022.992044"
"10.1038/s41598-020-64431-4","Thomas Häupl","last","gse55235","10.1002/cbf.3491"
"10.1038/s41598-020-64431-4","Thomas Häupl","last","gse55235","10.1155/2022/6783659"
"10.1038/s41598-020-64431-4","Thomas Häupl","last","gse55235","10.1038/s41598-021-94607-5"
"10.1038/s41598-020-64431-4","Thomas Häupl","last","gse55235","10.1155/2022/8023779"
"10.1038/s41598-020-64431-4","Thomas Häupl","last","gse55235","10.1186/s41231-020-00066-x"
"10.1038/s41598-020-64431-4","Thomas Häupl","last","gse55235","10.3390/genes13091501"
"10.1038/s41598-020-64431-4","Thomas Häupl","last","gse55235","10.3389/fimmu.2022.954848"
"10.1038/s41598-020-64431-4","Thomas Häupl","last","gse55235","10.1155/2022/9252319"
"10.1038/s41598-020-64431-4","Thomas Häupl","last","gse55235","10.1186/s13018-021-02796-6"
"10.1038/s41598-020-64431-4","Thomas Häupl","last","gse55235","10.3389/fphar.2021.672054"
"10.1038/s41598-020-64431-4","Thomas Häupl","last","gse55235","10.3389/fgene.2022.870590"
"10.1038/s41598-020-64431-4","Thomas Häupl","last","gse55235","10.3390/jcm7120535"
"10.1038/s41598-020-64431-4","Thomas Häupl","last","gse55235","10.3389/fimmu.2022.1013322"
"10.1038/s41598-020-64431-4","Thomas Häupl","last","gse55235","10.3390/jcm8010050"
"10.1038/s41598-020-64431-4","Thomas Häupl","last","gse55235","10.1186/s12859-016-1065-y"
"10.1038/s41598-020-64431-4","Thomas Häupl","last","gse55235","10.1302/2046-3758.74.bjr-2017-0245.r1"
"10.1038/s41598-020-64431-4","Thomas Häupl","last","gse55235","10.1186/s13018-020-01756-w"
"10.1038/s41598-020-64431-4","Thomas Häupl","last","gse55235","10.1371/journal.pone.0161306"
"10.1038/s41598-020-64431-4","Thomas Häupl","last","gse55235","10.3892/mmr.2018.9677"
"10.1038/s41598-020-64431-4","Thomas Häupl","last","gse55235","10.1186/s13018-018-0734-0"
"10.1038/s41598-020-64431-4","Thomas Häupl","last","gse55235","10.3389/fgene.2021.721258"
"10.1038/s41598-020-64431-4","Thomas Häupl","last","gse55235","10.1016/j.heliyon.2023.e12799"
"10.1038/s41598-020-64431-4","Thomas Häupl","last","gse55235","10.3389/fphar.2022.888533"
"10.1038/s41598-020-64431-4","Thomas Häupl","last","gse55235","10.1186/s13018-023-03700-0"
"10.1038/s41598-020-64431-4","Thomas Häupl","last","gse55235","10.3389/fgene.2022.1040438"
"10.1038/s41598-020-64431-4","Thomas Häupl","last","gse55235","10.1038/s41598-021-86319-7"
"10.1038/s41598-020-64431-4","Thomas Häupl","last","gse55235","10.3389/fgene.2023.1117713"
"10.1038/s41598-020-64431-4","Thomas Häupl","last","gse55235","10.1038/s41598-020-70596-9"
"10.1038/s41598-020-64431-4","Thomas Häupl","last","gse55235","10.3389/fimmu.2022.1013531"
"10.1038/s41598-020-64431-4","Thomas Häupl","last","gse55235","10.1371/journal.pone.0224632"
"10.1038/s41598-020-64431-4","Thomas Häupl","last","gse55235","10.3389/fmolb.2023.1066885"
"10.1038/s41598-020-64431-4","Thomas Häupl","last","gse55235","10.1080/21655979.2022.2061288"
"10.1038/s41598-020-64431-4","Thomas Häupl","last","gse55235","10.1186/s12920-023-01445-7"
"10.1038/s41598-020-64431-4","Thomas Häupl","last","gse55235","10.1155/2022/6060677"
"10.1038/s41598-020-64431-4","Thomas Häupl","last","gse55235","10.1042/bsr20193823"
"10.1038/s41598-020-64431-4","Thomas Häupl","last","gse55235","10.1186/s13018-023-03541-x"
"10.1038/s41598-020-64431-4","Thomas Häupl","last","gse55235","10.2147/jir.s287242"
"10.1038/s41598-020-64431-4","Thomas Häupl","last","gse55235","10.3389/fphys.2018.00516"
"10.1038/s41598-020-64431-4","Thomas Häupl","last","gse55235","10.3390/diagnostics10030171"
"10.1038/s41598-020-64431-4","Thomas Häupl","last","gse55235","10.7150/ijms.27056"
"10.1038/s41598-020-64431-4","Thomas Häupl","last","gse55235","10.1186/s41065-020-00169-3"
"10.1038/s41598-020-64431-4","Thomas Häupl","last","gse55235","10.3389/fmed.2022.1052792"
"10.1038/s41598-020-64431-4","Thomas Häupl","last","gse55235","10.3389/fendo.2023.1144258"
"10.1038/s41598-020-64431-4","Thomas Häupl","last","gse55235","10.1155/2018/9482726"
"10.1038/s41598-020-64431-4","Thomas Häupl","last","gse55235","10.1097/md.0000000000028321"
"10.1038/s41598-020-64431-4","Thomas Häupl","last","gse55235","10.3389/fimmu.2023.1007624"
"10.1038/s41598-020-64431-4","Thomas Häupl","last","gse55235","10.3389/fgene.2021.743560"
"10.1038/s41598-020-64431-4","Thomas Häupl","last","gse55235","10.1371/journal.pone.0199530"
"10.1038/s41598-020-64431-4","Thomas Häupl","last","gse55235","10.3389/fimmu.2023.1134412"
"10.1038/s41598-020-64431-4","Thomas Häupl","last","gse55235","10.3389/fimmu.2021.726747"
"10.1038/s41598-020-64431-4","Thomas Häupl","last","gse55235","10.3389/fimmu.2017.00074"
"10.1038/s41598-020-64431-4","Thomas Häupl","last","gse55235","10.3892/mmr.2020.11168"
"10.1038/s41598-020-64431-4","Thomas Häupl","last","gse55235","10.1038/s41598-019-51627-6"
"10.1038/s41598-020-64431-4","Thomas Häupl","last","gse55235","10.3892/etm.2022.11295"
"10.1038/s41598-020-64431-4","Thomas Häupl","last","gse55235","10.1038/s41598-023-28000-9"
"10.1038/s41598-020-64431-4","Thomas Häupl","last","gse55235","10.1155/2021/5074305"
"10.1038/s41598-020-64431-4","Thomas Häupl","last","gse38351","10.3390/genes12121898"
"10.1038/s41598-020-64431-4","Thomas Häupl","last","gse38351","10.1371/journal.pone.0208132"
"10.1038/s41598-020-64431-4","Thomas Häupl","last","gse38351","10.1186/s12920-016-0227-0"
"10.1038/s41598-020-64431-4","Thomas Häupl","last","gse38351","10.1038/s42003-019-0382-x"
"10.1038/s41598-020-64431-4","Thomas Häupl","last","gse38351","10.3389/fimmu.2020.575074"
"10.1038/s41598-020-64431-4","Thomas Häupl","last","gse38351","10.3389/fimmu.2021.668007"
"10.1038/s41598-020-64431-4","Thomas Häupl","last","gse38351","10.3389/fmolb.2017.00096"
"10.1038/s41598-020-64431-4","Thomas Häupl","last","gse38351","10.1038/s41598-019-45989-0"
"10.1038/s41598-020-64431-4","Thomas Häupl","last","gse51997","10.3390/genes12121898"
"10.1038/s41598-020-64431-4","Thomas Häupl","last","gse51997","10.1371/journal.pone.0208132"
"10.1038/s41598-020-64431-4","Thomas Häupl","last","gse51997","10.12688/f1000research.8182.2"
"10.1038/s41598-020-64431-4","Thomas Häupl","last","gse51997","10.3389/fimmu.2020.575074"
"10.1038/s41598-020-64431-4","Thomas Häupl","last","gse51997","10.3390/genes13020209"
"10.1038/s41598-020-64431-4","Thomas Häupl","last","gse51997","10.1155/2022/9096999"
"10.1038/s41598-020-64431-4","Thomas Häupl","last","gse58173","10.1186/s12859-016-1141-3"
"10.1098/rsos.210389","John P. A. Ioannidis","first","10.17632/btchxktzyw","10.1108/jkm-05-2023-0445"
"10.1098/rsos.210389","John P. A. Ioannidis","first","10.17632/btchxktzyw","10.1177/08982643221086334"
"10.1098/rsos.210389","John P. A. Ioannidis","first","10.17632/btchxktzyw","10.1055/a-1737-0039"
"10.1111/jgh.15071","Münevver Demir","first","prjna540738","10.1038/s41467-023-35861-1"
"10.1155/2020/5943014","Chao Ma","last","gse85047","10.1038/s41467-022-31331-2"
"10.1155/2020/5943014","Chao Ma","last","gse85047","10.1002/ijc.32430"
"10.1155/2020/5943014","Chao Ma","last","gse85047","10.1038/s41467-018-06699-9"
"10.1155/2020/5943014","Chao Ma","last","gse85047","10.1038/s41467-021-21859-0"
"10.1155/2020/5943014","Chao Ma","last","gse85047","10.5808/gi.2019.17.3.e30"
"10.1155/2020/5943014","Chao Ma","last","gse85047","10.3390/cancers12071739"
"10.1155/2020/5943014","Chao Ma","last","gse85047","10.1038/s41420-022-00963-0"
"10.1155/2020/5943014","Chao Ma","last","gse85047","10.1038/s41388-021-02018-7"
"10.1155/2020/5943014","Chao Ma","last","gse85047","10.3389/fgene.2022.947000"
"10.1155/2020/5943014","Chao Ma","last","gse85047","10.1158/2767-9764.crc-21-0134"
"10.1155/2020/5943014","Chao Ma","last","gse85047","10.3389/fonc.2020.575366"
"10.1155/2020/5943014","Chao Ma","last","gse85047","10.1042/ns20200006"
"10.1155/2020/5943014","Chao Ma","last","gse85047","10.3389/fonc.2021.631546"
"10.1155/2020/5943014","Chao Ma","last","gse85047","10.3389/fonc.2022.988415"
"10.1155/2020/5943014","Chao Ma","last","gse85047","10.1177/15330338211039132"
"10.1155/2020/5943014","Chao Ma","last","gse85047","10.1186/s12863-022-01059-5"
"10.1155/2020/5943014","Chao Ma","last","gse85047","10.3390/ijms19092832"
"10.1155/2020/5943014","Chao Ma","last","gse85047","10.1186/s13046-021-02044-z"
"10.1155/2020/5943014","Chao Ma","last","gse85047","10.1038/s41467-019-13515-5"
"10.1155/2020/5943014","Chao Ma","last","gse85047","10.1136/jitc-2022-005980"
"10.1155/2020/5943014","Chao Ma","last","gse85047","10.1186/s12887-021-02753-6"
"10.1155/2020/5943014","Chao Ma","last","gse85047","10.1186/s12957-022-02641-y"
"10.1155/2020/5943014","Chao Ma","last","gse85047","10.1186/s12887-022-03424-w"
"10.1155/2020/5943014","Chao Ma","last","gse85047","10.1038/s41419-022-04635-w"
"10.1155/2020/5943014","Chao Ma","last","gse85047","10.1186/s13046-022-02523-x"
"10.1158/2159-8290.cd-21-0276","Livius Penter","first","gse142745","10.1093/molbev/msac090"
"10.1158/2159-8290.cd-21-0276","Livius Penter","first","gse165087","10.1038/s41591-022-01927-8"
"10.1182/bloodadvances.2020003230","Lars Bullinger","last","gse158596","10.3389/fonc.2021.684396"
"10.15252/emmm.202114123","Florian Uhlitz","first","gse166555","10.3389/fcell.2022.921320"
"10.15252/emmm.202114123","Florian Uhlitz","first","gse166555","10.1038/s41392-022-00881-8"
"10.15252/emmm.202114123","Florian Uhlitz","first","gse166555","10.3390/cancers14235952"
"10.15252/emmm.202114123","Florian Uhlitz","first","gse166555","10.3389/fimmu.2023.1093716"
"10.15252/emmm.202114123","Florian Uhlitz","first","gse166555","10.3389/fimmu.2022.1006501"
"10.15252/emmm.202114123","Florian Uhlitz","first","gse166555","10.3390/pharmaceutics14051046"
"10.15252/emmm.202114123","Florian Uhlitz","first","gse166555","10.3389/fonc.2023.1179120"
"10.15252/emmm.202114123","Florian Uhlitz","first","gse166555","10.1186/s12876-022-02257-2"
"10.15252/emmm.202114123","Florian Uhlitz","first","gse166555","10.1016/j.heliyon.2023.e13170"
"10.15252/emmm.202114123","Markus Morkel","last","gse166555","10.3389/fcell.2022.921320"
"10.15252/emmm.202114123","Markus Morkel","last","gse166555","10.1038/s41392-022-00881-8"
"10.15252/emmm.202114123","Markus Morkel","last","gse166555","10.3390/cancers14235952"
"10.15252/emmm.202114123","Markus Morkel","last","gse166555","10.3389/fimmu.2023.1093716"
"10.15252/emmm.202114123","Markus Morkel","last","gse166555","10.3389/fimmu.2022.1006501"
"10.15252/emmm.202114123","Markus Morkel","last","gse166555","10.3390/pharmaceutics14051046"
"10.15252/emmm.202114123","Markus Morkel","last","gse166555","10.3389/fonc.2023.1179120"
"10.15252/emmm.202114123","Markus Morkel","last","gse166555","10.1186/s12876-022-02257-2"
"10.15252/emmm.202114123","Markus Morkel","last","gse166555","10.1016/j.heliyon.2023.e13170"
"10.3389/fcell.2021.751590","Kristy Ou","first","gse113405","10.1038/s41467-020-20001-w"
"10.3389/fcell.2021.751590","Julia K. Polansky","last","gse113405","10.1038/s41467-020-20001-w"
"10.3390/cells9010186","Thomas Wallach","first","gse138532","10.1093/nar/gkab433"
"10.3390/cells9010186","Seija Lehnardt","last","gse138532","10.1093/nar/gkab433"
"10.1016/j.neo.2023.100934","Inga Hoffmann","first","gse14764","10.1186/s13073-016-0319-7"
"10.1016/j.neo.2023.100934","Inga Hoffmann","first","gse14764","10.1038/cddis.2015.250"
"10.1016/j.neo.2023.100934","Inga Hoffmann","first","gse14764","10.3390/ijms221910817"
"10.1016/j.neo.2023.100934","Inga Hoffmann","first","gse14764","10.3389/fonc.2022.1003512"
"10.1016/j.neo.2023.100934","Inga Hoffmann","first","gse14764","10.1038/s41389-020-00246-2"
"10.1016/j.neo.2023.100934","Inga Hoffmann","first","gse14764","10.3390/ijms21082824"
"10.1016/j.neo.2023.100934","Inga Hoffmann","first","gse14764","10.1038/s41598-021-86923-7"
"10.1016/j.neo.2023.100934","Inga Hoffmann","first","gse14764","10.1186/s12943-020-1130-z"
"10.1016/j.neo.2023.100934","Inga Hoffmann","first","gse14764","10.3892/ol.2019.10934"
"10.1016/j.neo.2023.100934","Inga Hoffmann","first","gse14764","10.3389/fonc.2022.923508"
"10.1016/j.neo.2023.100934","Inga Hoffmann","first","gse14764","10.1002/advs.202105469"
"10.1016/j.neo.2023.100934","Inga Hoffmann","first","gse14764","10.18632/aging.103811"
"10.1016/j.neo.2023.100934","Inga Hoffmann","first","gse14764","10.2147/ott.s228678"
"10.1016/j.neo.2023.100934","Inga Hoffmann","first","gse14764","10.1186/s12885-022-10485-8"
"10.1016/j.neo.2023.100934","Inga Hoffmann","first","gse14764","10.3389/fgene.2022.958092"
"10.1016/j.neo.2023.100934","Inga Hoffmann","first","gse14764","10.3390/ijms232415994"
"10.1016/j.neo.2023.100934","Inga Hoffmann","first","gse14764","10.1371/journal.pone.0030269"
"10.1016/j.neo.2023.100934","Inga Hoffmann","first","gse14764","10.1038/s41416-020-01252-2"
"10.1016/j.neo.2023.100934","Inga Hoffmann","first","gse14764","10.1186/1476-4598-13-241"
"10.1016/j.neo.2023.100934","Inga Hoffmann","first","gse14764","10.1186/s13073-016-0281-4"
"10.1016/j.neo.2023.100934","Inga Hoffmann","first","gse14764","10.3390/medicina57090933"
"10.1016/j.neo.2023.100934","Inga Hoffmann","first","gse14764","10.1038/bjc.2013.687"
"10.1016/j.neo.2023.100934","Inga Hoffmann","first","gse14764","10.1186/s13048-015-0176-9"
"10.1016/j.neo.2023.100934","Inga Hoffmann","first","gse14764","10.1371/journal.pone.0149183"
"10.1016/j.neo.2023.100934","Inga Hoffmann","first","gse14764","10.1002/2211-5463.12881"
"10.1016/j.neo.2023.100934","Inga Hoffmann","first","gse14764","10.1186/s13048-023-01099-0"
"10.1016/j.neo.2023.100934","Inga Hoffmann","first","gse14764","10.1111/jcmm.16327"
"10.1016/j.neo.2023.100934","Inga Hoffmann","first","gse14764","10.1038/s41467-021-20893-2"
"10.1016/j.neo.2023.100934","Inga Hoffmann","first","gse14764","10.1186/s12967-021-03123-7"
"10.1016/j.neo.2023.100934","Inga Hoffmann","first","gse14764","10.1038/s41419-019-2050-y"
"10.1016/j.neo.2023.100934","Inga Hoffmann","first","gse14764","10.1038/s41698-022-00298-0"
"10.1016/j.neo.2023.100934","Inga Hoffmann","first","gse14764","10.1186/s12935-021-02155-9"
"10.1016/j.neo.2023.100934","Inga Hoffmann","first","gse14764","10.3389/fcell.2021.794801"
"10.1016/j.neo.2023.100934","Inga Hoffmann","first","gse14764","10.1002/ctm2.1217"
"10.1016/j.neo.2023.100934","Inga Hoffmann","first","gse14764","10.1038/srep11432"
"10.1016/j.neo.2023.100934","Inga Hoffmann","first","gse14764","10.1186/s12967-022-03776-y"
"10.1016/j.neo.2023.100934","Inga Hoffmann","first","gse14764","10.18632/oncotarget.16523"
"10.1016/j.neo.2023.100934","Inga Hoffmann","first","gse14764","10.3389/fonc.2019.00557"
"10.1016/j.neo.2023.100934","Inga Hoffmann","first","gse14764","10.1186/1757-2215-7-53"
"10.1016/j.neo.2023.100934","Inga Hoffmann","first","gse14764","10.1111/jcmm.15601"
"10.1016/j.neo.2023.100934","Inga Hoffmann","first","gse14764","10.3389/fonc.2016.00213"
"10.1016/j.neo.2023.100934","Inga Hoffmann","first","gse14764","10.1186/s12859-019-2829-y"
"10.1016/j.neo.2023.100934","Inga Hoffmann","first","gse14764","10.1155/2022/7745675"
"10.1016/j.neo.2023.100934","Inga Hoffmann","first","gse14764","10.1186/s13048-019-0575-4"
"10.1016/j.neo.2023.100934","Inga Hoffmann","first","gse14764","10.1186/s13046-018-0854-8"
"10.1016/j.neo.2023.100934","Inga Hoffmann","first","gse14764","10.1186/s13059-016-0956-6"
"10.1016/j.neo.2023.100934","Inga Hoffmann","first","gse14764","10.3390/cancers11030337"
"10.1016/j.neo.2023.100934","Inga Hoffmann","first","gse14764","10.1038/onc.2014.277"
"10.1016/j.neo.2023.100934","Inga Hoffmann","first","gse14764","10.3389/fonc.2020.626555"
"10.1016/j.neo.2023.100934","Inga Hoffmann","first","gse14764","10.1016/j.ebiom.2019.102602"
"10.1016/j.neo.2023.100934","Inga Hoffmann","first","gse14764","10.1155/2019/3614207"
"10.1016/j.neo.2023.100934","Inga Hoffmann","first","gse14764","10.1002/mco2.245"
"10.1016/j.neo.2023.100934","Inga Hoffmann","first","gse14764","10.3389/fcell.2021.653357"
"10.1016/j.neo.2023.100934","Inga Hoffmann","first","gse14764","10.2147/cmar.s337873"
"10.1016/j.neo.2023.100934","Inga Hoffmann","first","gse14764","10.1016/j.ebiom.2018.12.054"
"10.1016/j.neo.2023.100934","Inga Hoffmann","first","gse14764","10.1371/journal.pone.0167585"
"10.1016/j.neo.2023.100934","Inga Hoffmann","first","gse14764","10.3389/fgene.2020.00705"
"10.1016/j.neo.2023.100934","Inga Hoffmann","first","gse14764","10.3389/fgene.2022.823082"
"10.1016/j.neo.2023.100934","Inga Hoffmann","first","gse14764","10.3389/fbioe.2021.792911"
"10.1016/j.neo.2023.100934","Inga Hoffmann","first","gse14764","10.3389/fimmu.2022.951582"
"10.1016/j.neo.2023.100934","Inga Hoffmann","first","gse14764","10.1002/ctm2.633"
"10.1016/j.neo.2023.100934","Inga Hoffmann","first","gse14764","10.3892/ol.2020.11266"
"10.1016/j.neo.2023.100934","Inga Hoffmann","first","gse14764","10.3389/fphar.2020.00577"
"10.1016/j.neo.2023.100934","Inga Hoffmann","first","gse14764","10.1155/2022/6575534"
"10.1016/j.neo.2023.100934","Inga Hoffmann","first","gse14764","10.1080/21655979.2021.1973220"
"10.1016/j.neo.2023.100934","Inga Hoffmann","first","gse14764","10.3390/ijms21072327"
"10.1016/j.neo.2023.100934","Inga Hoffmann","first","gse14764","10.3389/fgene.2021.678747"
"10.1016/j.neo.2023.100934","Inga Hoffmann","first","gse14764","10.7150/thno.48101"
"10.1016/j.neo.2023.100934","Inga Hoffmann","first","gse14764","10.15252/embr.202051981"
"10.1016/j.neo.2023.100934","Eliane T. Taube","last","gse14764","10.1186/s13073-016-0319-7"
"10.1016/j.neo.2023.100934","Eliane T. Taube","last","gse14764","10.1038/cddis.2015.250"
"10.1016/j.neo.2023.100934","Eliane T. Taube","last","gse14764","10.3390/ijms221910817"
"10.1016/j.neo.2023.100934","Eliane T. Taube","last","gse14764","10.3389/fonc.2022.1003512"
"10.1016/j.neo.2023.100934","Eliane T. Taube","last","gse14764","10.1038/s41389-020-00246-2"
"10.1016/j.neo.2023.100934","Eliane T. Taube","last","gse14764","10.3390/ijms21082824"
"10.1016/j.neo.2023.100934","Eliane T. Taube","last","gse14764","10.1038/s41598-021-86923-7"
"10.1016/j.neo.2023.100934","Eliane T. Taube","last","gse14764","10.1186/s12943-020-1130-z"
"10.1016/j.neo.2023.100934","Eliane T. Taube","last","gse14764","10.3892/ol.2019.10934"
"10.1016/j.neo.2023.100934","Eliane T. Taube","last","gse14764","10.3389/fonc.2022.923508"
"10.1016/j.neo.2023.100934","Eliane T. Taube","last","gse14764","10.1002/advs.202105469"
"10.1016/j.neo.2023.100934","Eliane T. Taube","last","gse14764","10.18632/aging.103811"
"10.1016/j.neo.2023.100934","Eliane T. Taube","last","gse14764","10.2147/ott.s228678"
"10.1016/j.neo.2023.100934","Eliane T. Taube","last","gse14764","10.1186/s12885-022-10485-8"
"10.1016/j.neo.2023.100934","Eliane T. Taube","last","gse14764","10.3389/fgene.2022.958092"
"10.1016/j.neo.2023.100934","Eliane T. Taube","last","gse14764","10.3390/ijms232415994"
"10.1016/j.neo.2023.100934","Eliane T. Taube","last","gse14764","10.1371/journal.pone.0030269"
"10.1016/j.neo.2023.100934","Eliane T. Taube","last","gse14764","10.1038/s41416-020-01252-2"
"10.1016/j.neo.2023.100934","Eliane T. Taube","last","gse14764","10.1186/1476-4598-13-241"
"10.1016/j.neo.2023.100934","Eliane T. Taube","last","gse14764","10.1186/s13073-016-0281-4"
"10.1016/j.neo.2023.100934","Eliane T. Taube","last","gse14764","10.3390/medicina57090933"
"10.1016/j.neo.2023.100934","Eliane T. Taube","last","gse14764","10.1038/bjc.2013.687"
"10.1016/j.neo.2023.100934","Eliane T. Taube","last","gse14764","10.1186/s13048-015-0176-9"
"10.1016/j.neo.2023.100934","Eliane T. Taube","last","gse14764","10.1371/journal.pone.0149183"
"10.1016/j.neo.2023.100934","Eliane T. Taube","last","gse14764","10.1002/2211-5463.12881"
"10.1016/j.neo.2023.100934","Eliane T. Taube","last","gse14764","10.1186/s13048-023-01099-0"
"10.1016/j.neo.2023.100934","Eliane T. Taube","last","gse14764","10.1111/jcmm.16327"
"10.1016/j.neo.2023.100934","Eliane T. Taube","last","gse14764","10.1038/s41467-021-20893-2"
"10.1016/j.neo.2023.100934","Eliane T. Taube","last","gse14764","10.1186/s12967-021-03123-7"
"10.1016/j.neo.2023.100934","Eliane T. Taube","last","gse14764","10.1038/s41419-019-2050-y"
"10.1016/j.neo.2023.100934","Eliane T. Taube","last","gse14764","10.1038/s41698-022-00298-0"
"10.1016/j.neo.2023.100934","Eliane T. Taube","last","gse14764","10.1186/s12935-021-02155-9"
"10.1016/j.neo.2023.100934","Eliane T. Taube","last","gse14764","10.3389/fcell.2021.794801"
"10.1016/j.neo.2023.100934","Eliane T. Taube","last","gse14764","10.1002/ctm2.1217"
"10.1016/j.neo.2023.100934","Eliane T. Taube","last","gse14764","10.1038/srep11432"
"10.1016/j.neo.2023.100934","Eliane T. Taube","last","gse14764","10.1186/s12967-022-03776-y"
"10.1016/j.neo.2023.100934","Eliane T. Taube","last","gse14764","10.18632/oncotarget.16523"
"10.1016/j.neo.2023.100934","Eliane T. Taube","last","gse14764","10.3389/fonc.2019.00557"
"10.1016/j.neo.2023.100934","Eliane T. Taube","last","gse14764","10.1186/1757-2215-7-53"
"10.1016/j.neo.2023.100934","Eliane T. Taube","last","gse14764","10.1111/jcmm.15601"
"10.1016/j.neo.2023.100934","Eliane T. Taube","last","gse14764","10.3389/fonc.2016.00213"
"10.1016/j.neo.2023.100934","Eliane T. Taube","last","gse14764","10.1186/s12859-019-2829-y"
"10.1016/j.neo.2023.100934","Eliane T. Taube","last","gse14764","10.1155/2022/7745675"
"10.1016/j.neo.2023.100934","Eliane T. Taube","last","gse14764","10.1186/s13048-019-0575-4"
"10.1016/j.neo.2023.100934","Eliane T. Taube","last","gse14764","10.1186/s13046-018-0854-8"
"10.1016/j.neo.2023.100934","Eliane T. Taube","last","gse14764","10.1186/s13059-016-0956-6"
"10.1016/j.neo.2023.100934","Eliane T. Taube","last","gse14764","10.3390/cancers11030337"
"10.1016/j.neo.2023.100934","Eliane T. Taube","last","gse14764","10.1038/onc.2014.277"
"10.1016/j.neo.2023.100934","Eliane T. Taube","last","gse14764","10.3389/fonc.2020.626555"
"10.1016/j.neo.2023.100934","Eliane T. Taube","last","gse14764","10.1016/j.ebiom.2019.102602"
"10.1016/j.neo.2023.100934","Eliane T. Taube","last","gse14764","10.1155/2019/3614207"
"10.1016/j.neo.2023.100934","Eliane T. Taube","last","gse14764","10.1002/mco2.245"
"10.1016/j.neo.2023.100934","Eliane T. Taube","last","gse14764","10.3389/fcell.2021.653357"
"10.1016/j.neo.2023.100934","Eliane T. Taube","last","gse14764","10.2147/cmar.s337873"
"10.1016/j.neo.2023.100934","Eliane T. Taube","last","gse14764","10.1016/j.ebiom.2018.12.054"
"10.1016/j.neo.2023.100934","Eliane T. Taube","last","gse14764","10.1371/journal.pone.0167585"
"10.1016/j.neo.2023.100934","Eliane T. Taube","last","gse14764","10.3389/fgene.2020.00705"
"10.1016/j.neo.2023.100934","Eliane T. Taube","last","gse14764","10.3389/fgene.2022.823082"
"10.1016/j.neo.2023.100934","Eliane T. Taube","last","gse14764","10.3389/fbioe.2021.792911"
"10.1016/j.neo.2023.100934","Eliane T. Taube","last","gse14764","10.3389/fimmu.2022.951582"
"10.1016/j.neo.2023.100934","Eliane T. Taube","last","gse14764","10.1002/ctm2.633"
"10.1016/j.neo.2023.100934","Eliane T. Taube","last","gse14764","10.3892/ol.2020.11266"
"10.1016/j.neo.2023.100934","Eliane T. Taube","last","gse14764","10.3389/fphar.2020.00577"
"10.1016/j.neo.2023.100934","Eliane T. Taube","last","gse14764","10.1155/2022/6575534"
"10.1016/j.neo.2023.100934","Eliane T. Taube","last","gse14764","10.1080/21655979.2021.1973220"
"10.1016/j.neo.2023.100934","Eliane T. Taube","last","gse14764","10.3390/ijms21072327"
"10.1016/j.neo.2023.100934","Eliane T. Taube","last","gse14764","10.3389/fgene.2021.678747"
"10.1016/j.neo.2023.100934","Eliane T. Taube","last","gse14764","10.7150/thno.48101"
"10.1016/j.neo.2023.100934","Eliane T. Taube","last","gse14764","10.15252/embr.202051981"
"10.1172/jci158348","Mihnea P. Dragomir","first","e-tabm-713","10.1155/2014/594350"
"10.1038/s41431-023-01382-0","Henrike L. Sczakiel","first","nm_198514","10.1002/mgg3.1899"
"10.1038/s41431-023-01382-0","Henrike L. Sczakiel","first","nm_198514","10.1097/md.0000000000029239"
"10.1038/s41431-023-01382-0","Henrike L. Sczakiel","first","nm_198514","10.1002/mgg3.1899"
"10.1038/s41431-023-01382-0","Henrike L. Sczakiel","first","nm_198514","10.1097/md.0000000000029239"
"10.1038/s41431-023-01382-0","Felix Boschann","last","nm_198514","10.1002/mgg3.1899"
"10.1038/s41431-023-01382-0","Felix Boschann","last","nm_198514","10.1097/md.0000000000029239"
"10.1038/s41431-023-01382-0","Felix Boschann","last","nm_198514","10.1002/mgg3.1899"
"10.1038/s41431-023-01382-0","Felix Boschann","last","nm_198514","10.1097/md.0000000000029239"
"10.1038/s41431-023-01382-0","Felix Boschann","last","nm_198514","10.1002/mgg3.1899"
"10.1038/s41431-023-01382-0","Felix Boschann","last","nm_198514","10.1097/md.0000000000029239"
"10.1038/s41564-023-01352-8","Geraldine Nouailles","first","gse200596","10.3389/fgene.2023.1157305"
"10.1038/s41598-023-27792-0","Sven Liebig","first","gse78132","10.15252/emmm.202114557"
"10.1002/hep.32776","Jana Knorr","first","gse132662","10.1186/s12967-022-03263-4"
"10.1002/hep.32776","Jana Knorr","first","gse132662","10.1172/jci.insight.163929"
"10.1002/hep.32776","Jana Knorr","first","gse132662","10.1172/jci.insight.146243"
"10.1002/hep.32776","Alexander Wree","last","gse132662","10.1186/s12967-022-03263-4"
"10.1002/hep.32776","Alexander Wree","last","gse132662","10.1172/jci.insight.163929"
"10.1002/hep.32776","Alexander Wree","last","gse132662","10.1172/jci.insight.146243"
"10.1038/s42003-022-03421-w","Anna-Lena Sander","first","gu190215","10.1111/lam.13285"
"10.1038/s42003-022-03421-w","Anna-Lena Sander","first","gu190215","10.1007/s11262-018-1614-8"
"10.1038/s42003-022-03421-w","Anna-Lena Sander","first","gu190215","10.1016/s0140-6736(20)30251-8"
"10.1038/s42003-022-03421-w","Anna-Lena Sander","first","gu190215","10.3390/microorganisms11040959"
"10.1038/s42003-022-03421-w","Anna-Lena Sander","first","gu190215","10.1016/j.meegid.2019.02.001"
"10.1038/s42003-022-03421-w","Anna-Lena Sander","first","gu190215","10.1080/22221751.2020.1780953"
"10.1038/s42003-022-03421-w","Anna-Lena Sander","first","gu190215","10.1016/j.cell.2021.06.008"
"10.1038/s42003-022-03421-w","Anna-Lena Sander","first","gu190215","10.1002/jmv.25909"
"10.1038/s42003-022-03421-w","Anna-Lena Sander","first","kr559017","10.3390/microorganisms11040959"
"10.1038/s42003-022-03421-w","Jan Felix Drexler","last","gu190215","10.1111/lam.13285"
"10.1038/s42003-022-03421-w","Jan Felix Drexler","last","gu190215","10.1007/s11262-018-1614-8"
"10.1038/s42003-022-03421-w","Jan Felix Drexler","last","gu190215","10.1016/s0140-6736(20)30251-8"
"10.1038/s42003-022-03421-w","Jan Felix Drexler","last","gu190215","10.3390/microorganisms11040959"
"10.1038/s42003-022-03421-w","Jan Felix Drexler","last","gu190215","10.1016/j.meegid.2019.02.001"
"10.1038/s42003-022-03421-w","Jan Felix Drexler","last","gu190215","10.1080/22221751.2020.1780953"
"10.1038/s42003-022-03421-w","Jan Felix Drexler","last","gu190215","10.1016/j.cell.2021.06.008"
"10.1038/s42003-022-03421-w","Jan Felix Drexler","last","gu190215","10.1002/jmv.25909"
"10.1038/s42003-022-03421-w","Jan Felix Drexler","last","kr559017","10.3390/microorganisms11040959"
"10.1038/s42003-022-03421-w","Jan Felix Drexler","last","gu190215","10.1111/lam.13285"
"10.1038/s42003-022-03421-w","Jan Felix Drexler","last","gu190215","10.1007/s11262-018-1614-8"
"10.1038/s42003-022-03421-w","Jan Felix Drexler","last","gu190215","10.1016/s0140-6736(20)30251-8"
"10.1038/s42003-022-03421-w","Jan Felix Drexler","last","gu190215","10.3390/microorganisms11040959"
"10.1038/s42003-022-03421-w","Jan Felix Drexler","last","gu190215","10.1016/j.meegid.2019.02.001"
"10.1038/s42003-022-03421-w","Jan Felix Drexler","last","gu190215","10.1080/22221751.2020.1780953"
"10.1038/s42003-022-03421-w","Jan Felix Drexler","last","gu190215","10.1016/j.cell.2021.06.008"
"10.1038/s42003-022-03421-w","Jan Felix Drexler","last","gu190215","10.1002/jmv.25909"
"10.1038/s42003-022-03421-w","Jan Felix Drexler","last","kr559017","10.3390/microorganisms11040959"
"10.1038/s41467-021-27704-8","Markus Schick","first","gse44672","10.1186/s13059-022-02800-0"
"10.1038/s41467-021-27704-8","Markus Schick","first","gse44672","10.1038/s41467-020-16447-7"
"10.1038/s41467-021-27704-8","Markus Schick","first","gse44672","10.1016/j.molcel.2018.11.006"
"10.1038/s41467-021-27704-8","Ulrich Keller","last","gse44672","10.1186/s13059-022-02800-0"
"10.1038/s41467-021-27704-8","Ulrich Keller","last","gse44672","10.1038/s41467-020-16447-7"
"10.1038/s41467-021-27704-8","Ulrich Keller","last","gse44672","10.1016/j.molcel.2018.11.006"
"10.1158/0008-5472.can-21-1621","Rogier Versteeg","last","gse90805","10.1038/s41467-021-26870-z"
"10.1158/0008-5472.can-21-1621","Rogier Versteeg","last","gse90805","10.1016/j.ebiom.2019.10.041"
"10.1158/0008-5472.can-21-1621","Rogier Versteeg","last","gse90805","10.1186/s13578-022-00769-8"
"10.1158/0008-5472.can-21-1621","Rogier Versteeg","last","gse28019","10.1371/journal.pone.0115635"
"10.1158/0008-5472.can-21-1621","Rogier Versteeg","last","gse28019","10.1038/s41398-021-01493-6"
"10.1158/0008-5472.can-21-1621","Rogier Versteeg","last","gse28019","10.1002/mc.22591"
"10.1158/0008-5472.can-21-1621","Rogier Versteeg","last","gse28019","10.1186/s13046-022-02563-3"
"10.1158/0008-5472.can-21-1621","Rogier Versteeg","last","gse28019","10.1186/s12964-020-00553-6"
"10.1158/0008-5472.can-21-1621","Rogier Versteeg","last","gse28019","10.3390/cancers14143346"
"10.1158/0008-5472.can-21-1621","Rogier Versteeg","last","gse28019","10.3390/cancers13174261"
"10.1158/0008-5472.can-21-1621","Rogier Versteeg","last","gse28019","10.1038/s41598-019-55382-6"
"10.1158/0008-5472.can-21-1621","Rogier Versteeg","last","gse28019","10.1073/pnas.2102358119"
"10.1158/0008-5472.can-21-1621","Rogier Versteeg","last","gse99933","10.3390/cancers13081909"
"10.1158/0008-5472.can-21-1621","Rogier Versteeg","last","gse99933","10.1038/s41467-019-13515-5"
"10.1158/0008-5472.can-21-1621","Rogier Versteeg","last","gse99933","10.1038/s41419-022-05314-6"
"10.1158/0008-5472.can-21-1621","Rogier Versteeg","last","gse99933","10.1186/s12864-022-08715-1"
"10.1038/s41467-021-24007-w","Marcel A. Müller","last","gse148729","10.1016/j.chom.2020.12.009"
"10.1038/s41467-021-24007-w","Marcel A. Müller","last","gse148729","10.1101/2021.05.14.444026"
"10.1038/s41467-021-24007-w","Marcel A. Müller","last","gse148729","10.1186/s12967-020-02695-0"
"10.1038/s41467-021-24007-w","Marcel A. Müller","last","gse148729","10.1016/j.isci.2021.103331"
"10.1038/s41467-021-24007-w","Marcel A. Müller","last","gse148729","10.1038/s41598-022-15898-w"
"10.1038/s41467-021-24007-w","Marcel A. Müller","last","gse148729","10.2147/ijgm.s335162"
"10.1038/s41467-021-24007-w","Marcel A. Müller","last","gse148729","10.3390/ijms231810451"
"10.1038/s41467-021-24007-w","Marcel A. Müller","last","gse148729","10.3390/ijms22168663"
"10.1038/s41467-021-24007-w","Marcel A. Müller","last","gse148729","10.1016/j.gene.2020.145325"
"10.1038/s41467-021-24007-w","Marcel A. Müller","last","gse148729","10.1038/s41598-022-23950-y"
"10.1038/s41467-021-24007-w","Marcel A. Müller","last","gse148729","10.7717/peerj.12370"
"10.1038/s41467-021-24007-w","Marcel A. Müller","last","gse148729","10.1016/j.genrep.2022.101641"
"10.1038/s41467-021-24007-w","Marcel A. Müller","last","gse148729","10.3389/fimmu.2021.695242"
"10.1038/s41467-021-24007-w","Marcel A. Müller","last","gse148729","10.1038/s41467-021-25412-x"
"10.1038/s41467-021-24007-w","Marcel A. Müller","last","gse148729","10.1101/2020.06.01.127589"
"10.1038/s41467-021-24007-w","Marcel A. Müller","last","gse148729","10.1021/acsomega.2c05245"
"10.1038/s41467-021-24007-w","Marcel A. Müller","last","gse148729","10.3389/fimmu.2021.656433"
"10.1038/s41467-021-24007-w","Marcel A. Müller","last","gse148729","10.1093/nar/gkac234"
"10.1038/s41467-021-24007-w","Marcel A. Müller","last","gse148729","10.1016/j.mlwa.2021.100150"
"10.1038/s41467-021-24007-w","Marcel A. Müller","last","gse148729","10.1186/s12864-022-08558-w"
"10.1038/s41467-021-24007-w","Marcel A. Müller","last","gse148729","10.3390/v14020374"
"10.1038/s41467-021-24007-w","Marcel A. Müller","last","gse148729","10.1038/s41598-021-03613-0"
"10.1038/s41467-021-24007-w","Marcel A. Müller","last","gse148729","10.1038/s41598-021-82221-4"
"10.1038/s41467-021-24007-w","Marcel A. Müller","last","gse148729","10.1515/jib-2020-0047"
"10.1038/s41467-021-24007-w","Marcel A. Müller","last","gse148729","10.1016/j.isci.2020.101526"
"10.1038/s41467-021-24007-w","Marcel A. Müller","last","gse148729","10.1016/j.stem.2020.10.004"
"10.1038/s41467-021-24007-w","Marcel A. Müller","last","gse148729","10.1128/msphere.00754-20"
"10.1038/s41467-021-24007-w","Marcel A. Müller","last","gse148729","10.3390/pathogens11121479"
"10.1038/s41467-021-24007-w","Marcel A. Müller","last","gse148729","10.3390/genes11111354"
"10.1038/s41467-021-24007-w","Marcel A. Müller","last","gse148729","10.1038/s41431-022-01070-5"
"10.1038/s41467-021-24007-w","Marcel A. Müller","last","gse148729","10.1038/s41392-022-00969-1"
"10.1038/s41467-021-24007-w","Marcel A. Müller","last","gse148729","10.3389/fmicb.2023.1066493"
"10.1038/s41467-021-24007-w","Marcel A. Müller","last","gse148729","10.3390/v13030402"
"10.1038/s41467-021-24007-w","Marcel A. Müller","last","gse148729","10.1038/s42003-022-03663-8"
"10.1038/s41467-021-24007-w","Marcel A. Müller","last","gse148729","10.3389/fimmu.2020.590870"
"10.1038/s41467-021-24007-w","Marcel A. Müller","last","gse148729","10.1371/journal.pcbi.1010021"
"10.1038/s41467-021-24007-w","Marcel A. Müller","last","gse148729","10.1093/bib/bbaa334"
"10.1038/s41467-021-24007-w","Marcel A. Müller","last","gse148729","10.1007/s00018-021-04119-8"
"10.1038/s41467-021-24007-w","Marcel A. Müller","last","gse148729","10.21203/rs.3.rs-1287631/v1"
"10.1038/s41467-021-24007-w","Marcel A. Müller","last","gse148729","10.1371/journal.pone.0257965"
"10.1038/s41467-021-24007-w","Marcel A. Müller","last","gse148729","10.1016/j.chom.2020.12.009"
"10.1038/s41467-021-24007-w","Marcel A. Müller","last","gse148729","10.1101/2021.05.14.444026"
"10.1038/s41467-021-24007-w","Marcel A. Müller","last","gse148729","10.1186/s12967-020-02695-0"
"10.1038/s41467-021-24007-w","Marcel A. Müller","last","gse148729","10.1016/j.isci.2021.103331"
"10.1038/s41467-021-24007-w","Marcel A. Müller","last","gse148729","10.1038/s41598-022-15898-w"
"10.1038/s41467-021-24007-w","Marcel A. Müller","last","gse148729","10.2147/ijgm.s335162"
"10.1038/s41467-021-24007-w","Marcel A. Müller","last","gse148729","10.3390/ijms231810451"
"10.1038/s41467-021-24007-w","Marcel A. Müller","last","gse148729","10.3390/ijms22168663"
"10.1038/s41467-021-24007-w","Marcel A. Müller","last","gse148729","10.1016/j.gene.2020.145325"
"10.1038/s41467-021-24007-w","Marcel A. Müller","last","gse148729","10.1038/s41598-022-23950-y"
"10.1038/s41467-021-24007-w","Marcel A. Müller","last","gse148729","10.7717/peerj.12370"
"10.1038/s41467-021-24007-w","Marcel A. Müller","last","gse148729","10.1016/j.genrep.2022.101641"
"10.1038/s41467-021-24007-w","Marcel A. Müller","last","gse148729","10.3389/fimmu.2021.695242"
"10.1038/s41467-021-24007-w","Marcel A. Müller","last","gse148729","10.1038/s41467-021-25412-x"
"10.1038/s41467-021-24007-w","Marcel A. Müller","last","gse148729","10.1101/2020.06.01.127589"
"10.1038/s41467-021-24007-w","Marcel A. Müller","last","gse148729","10.1021/acsomega.2c05245"
"10.1038/s41467-021-24007-w","Marcel A. Müller","last","gse148729","10.3389/fimmu.2021.656433"
"10.1038/s41467-021-24007-w","Marcel A. Müller","last","gse148729","10.1093/nar/gkac234"
"10.1038/s41467-021-24007-w","Marcel A. Müller","last","gse148729","10.1016/j.mlwa.2021.100150"
"10.1038/s41467-021-24007-w","Marcel A. Müller","last","gse148729","10.1186/s12864-022-08558-w"
"10.1038/s41467-021-24007-w","Marcel A. Müller","last","gse148729","10.3390/v14020374"
"10.1038/s41467-021-24007-w","Marcel A. Müller","last","gse148729","10.1038/s41598-021-03613-0"
"10.1038/s41467-021-24007-w","Marcel A. Müller","last","gse148729","10.1038/s41598-021-82221-4"
"10.1038/s41467-021-24007-w","Marcel A. Müller","last","gse148729","10.1515/jib-2020-0047"
"10.1038/s41467-021-24007-w","Marcel A. Müller","last","gse148729","10.1016/j.isci.2020.101526"
"10.1038/s41467-021-24007-w","Marcel A. Müller","last","gse148729","10.1016/j.stem.2020.10.004"
"10.1038/s41467-021-24007-w","Marcel A. Müller","last","gse148729","10.1128/msphere.00754-20"
"10.1038/s41467-021-24007-w","Marcel A. Müller","last","gse148729","10.3390/pathogens11121479"
"10.1038/s41467-021-24007-w","Marcel A. Müller","last","gse148729","10.3390/genes11111354"
"10.1038/s41467-021-24007-w","Marcel A. Müller","last","gse148729","10.1038/s41431-022-01070-5"
"10.1038/s41467-021-24007-w","Marcel A. Müller","last","gse148729","10.1038/s41392-022-00969-1"
"10.1038/s41467-021-24007-w","Marcel A. Müller","last","gse148729","10.3389/fmicb.2023.1066493"
"10.1038/s41467-021-24007-w","Marcel A. Müller","last","gse148729","10.3390/v13030402"
"10.1038/s41467-021-24007-w","Marcel A. Müller","last","gse148729","10.1038/s42003-022-03663-8"
"10.1038/s41467-021-24007-w","Marcel A. Müller","last","gse148729","10.3389/fimmu.2020.590870"
"10.1038/s41467-021-24007-w","Marcel A. Müller","last","gse148729","10.1371/journal.pcbi.1010021"
"10.1038/s41467-021-24007-w","Marcel A. Müller","last","gse148729","10.1093/bib/bbaa334"
"10.1038/s41467-021-24007-w","Marcel A. Müller","last","gse148729","10.1007/s00018-021-04119-8"
"10.1038/s41467-021-24007-w","Marcel A. Müller","last","gse148729","10.21203/rs.3.rs-1287631/v1"
"10.1038/s41467-021-24007-w","Marcel A. Müller","last","gse148729","10.1371/journal.pone.0257965"
"10.1038/s41467-021-21994-8","Anna Pascual-Reguant","first","gse63197","10.3389/fimmu.2019.00217"
"10.1038/s41467-021-21994-8","Anna Pascual-Reguant","first","gse63197","10.3389/fimmu.2019.00217"
"10.1038/s41467-021-21994-8","Anja E. Hauser","last","gse63197","10.3389/fimmu.2019.00217"
"10.1038/s41467-021-21994-8","Anja E. Hauser","last","gse63197","10.3389/fimmu.2019.00217"
"10.1038/s41586-021-03208-9","Lila Allou","first","gse84795","10.7554/elife.38555"
"10.1038/s41586-021-03208-9","Lila Allou","first","gse84795","10.1101/gr.276196.121"
"10.1002/jimd.12341","Guido Vogt","first","nm_001690","10.1093/brain/awy092"
"10.1002/jimd.12341","Guido Vogt","first","nm_001690","10.7150/thno.28391"
"10.1002/jimd.12341","Björn Fischer‐Zirnsak","last","nm_001690","10.1093/brain/awy092"
"10.1002/jimd.12341","Björn Fischer‐Zirnsak","last","nm_001690","10.7150/thno.28391"
"10.1038/s41375-020-0839-4","Stefanos A. Bamopoulos","first","gse146173","10.1371/journal.pone.0247093"
"10.1038/s41375-020-0839-4","Stefanos A. Bamopoulos","first","gse146173","10.1155/2023/9988405"
"10.1038/s41375-020-0839-4","Stefanos A. Bamopoulos","first","gse146173","10.1155/2022/7727424"
"10.1038/s41375-020-0839-4","Stefanos A. Bamopoulos","first","gse146173","10.3389/fonc.2022.888570"
"10.1038/s41375-020-0839-4","Stefanos A. Bamopoulos","first","gse146173","10.1371/journal.pone.0247093"
"10.1038/s41375-020-0839-4","Stefanos A. Bamopoulos","first","gse146173","10.1155/2023/9988405"
"10.1038/s41375-020-0839-4","Stefanos A. Bamopoulos","first","gse146173","10.1155/2022/7727424"
"10.1038/s41375-020-0839-4","Stefanos A. Bamopoulos","first","gse146173","10.3389/fonc.2022.888570"
"10.1038/s41467-020-14700-7","Annika Fendler","first","gse66270","10.3389/fonc.2022.982426"
"10.1038/s41467-020-14700-7","Annika Fendler","first","gse66270","10.21037/tau-21-332"
"10.1038/s41467-020-14700-7","Annika Fendler","first","gse66270","10.18632/aging.202636"
"10.1038/s41467-020-14700-7","Annika Fendler","first","gse66270","10.1038/s41417-019-0138-2"
"10.1038/s41467-020-14700-7","Annika Fendler","first","gse66270","10.18632/aging.102746"
"10.1038/s41467-020-14700-7","Annika Fendler","first","gse66270","10.18632/aging.102540"
"10.1038/s41467-020-14700-7","Annika Fendler","first","gse66270","10.7717/peerj.14201"
"10.1038/s41467-020-14700-7","Annika Fendler","first","gse66270","10.1186/s12885-021-08525-w"
"10.1038/s41467-020-14700-7","Annika Fendler","first","gse66270","10.3389/fgene.2022.873884"
"10.1038/s41467-020-14700-7","Annika Fendler","first","gse66270","10.3389/fonc.2022.832027"
"10.1038/s41467-020-14700-7","Annika Fendler","first","gse66270","10.7150/ijms.36128"
"10.1038/s41467-020-14700-7","Annika Fendler","first","gse66270","10.3389/fgene.2020.01017"
"10.1038/s41467-020-14700-7","Annika Fendler","first","gse66270","10.3389/fgene.2022.902064"
"10.1038/s41467-020-14700-7","Annika Fendler","first","gse66270","10.3892/ol.2020.11703"
"10.1038/s41467-020-14700-7","Annika Fendler","first","gse66270","10.2147/cmar.s394100"
"10.1038/s41467-020-14700-7","Annika Fendler","first","gse66270","10.1038/s41598-022-13148-7"
"10.1038/s41467-020-14700-7","Annika Fendler","first","gse66270","10.1186/s12967-022-03805-w"
"10.1038/s41467-020-14700-7","Annika Fendler","first","gse66270","10.1038/s41419-022-04576-4"
"10.1038/s41467-020-14700-7","Annika Fendler","first","gse66270","10.7150/ijbs.58295"
"10.1038/s41467-020-14700-7","Annika Fendler","first","gse66270","10.21037/tcr-22-1488"
"10.1038/s41467-020-14700-7","Annika Fendler","first","gse66271","10.1002/cam4.4395"
"10.1038/s41467-020-14700-7","Annika Fendler","first","gse66271","10.3389/fgene.2022.902064"
"10.1038/s41467-020-14700-7","Annika Fendler","first","gse66271","10.7150/ijms.36128"
"10.1038/s41467-020-14700-7","Annika Fendler","first","gse66271","10.1186/s12885-020-07726-z"
"10.1038/s41467-020-14700-7","Annika Fendler","first","gse66271","10.1097/md.0000000000030270"
"10.1038/s41467-020-14700-7","Annika Fendler","first","gse66271","10.7717/peerj.14201"
"10.1038/s41467-020-14700-7","Annika Fendler","first","gse66271","10.1155/2022/8943643"
"10.1038/s41467-020-14700-7","Annika Fendler","first","gse66271","10.1002/jcp.28597"
"10.1038/s41467-020-14700-7","Annika Fendler","first","gse66270","10.3389/fonc.2022.982426"
"10.1038/s41467-020-14700-7","Annika Fendler","first","gse66270","10.21037/tau-21-332"
"10.1038/s41467-020-14700-7","Annika Fendler","first","gse66270","10.18632/aging.202636"
"10.1038/s41467-020-14700-7","Annika Fendler","first","gse66270","10.1038/s41417-019-0138-2"
"10.1038/s41467-020-14700-7","Annika Fendler","first","gse66270","10.18632/aging.102746"
"10.1038/s41467-020-14700-7","Annika Fendler","first","gse66270","10.18632/aging.102540"
"10.1038/s41467-020-14700-7","Annika Fendler","first","gse66270","10.7717/peerj.14201"
"10.1038/s41467-020-14700-7","Annika Fendler","first","gse66270","10.1186/s12885-021-08525-w"
"10.1038/s41467-020-14700-7","Annika Fendler","first","gse66270","10.3389/fgene.2022.873884"
"10.1038/s41467-020-14700-7","Annika Fendler","first","gse66270","10.3389/fonc.2022.832027"
"10.1038/s41467-020-14700-7","Annika Fendler","first","gse66270","10.7150/ijms.36128"
"10.1038/s41467-020-14700-7","Annika Fendler","first","gse66270","10.3389/fgene.2020.01017"
"10.1038/s41467-020-14700-7","Annika Fendler","first","gse66270","10.3389/fgene.2022.902064"
"10.1038/s41467-020-14700-7","Annika Fendler","first","gse66270","10.3892/ol.2020.11703"
"10.1038/s41467-020-14700-7","Annika Fendler","first","gse66270","10.2147/cmar.s394100"
"10.1038/s41467-020-14700-7","Annika Fendler","first","gse66270","10.1038/s41598-022-13148-7"
"10.1038/s41467-020-14700-7","Annika Fendler","first","gse66270","10.1186/s12967-022-03805-w"
"10.1038/s41467-020-14700-7","Annika Fendler","first","gse66270","10.1038/s41419-022-04576-4"
"10.1038/s41467-020-14700-7","Annika Fendler","first","gse66270","10.7150/ijbs.58295"
"10.1038/s41467-020-14700-7","Annika Fendler","first","gse66270","10.21037/tcr-22-1488"
"10.1038/s41467-020-14700-7","Annika Fendler","first","gse66271","10.1002/cam4.4395"
"10.1038/s41467-020-14700-7","Annika Fendler","first","gse66271","10.3389/fgene.2022.902064"
"10.1038/s41467-020-14700-7","Annika Fendler","first","gse66271","10.7150/ijms.36128"
"10.1038/s41467-020-14700-7","Annika Fendler","first","gse66271","10.1186/s12885-020-07726-z"
"10.1038/s41467-020-14700-7","Annika Fendler","first","gse66271","10.1097/md.0000000000030270"
"10.1038/s41467-020-14700-7","Annika Fendler","first","gse66271","10.7717/peerj.14201"
"10.1038/s41467-020-14700-7","Annika Fendler","first","gse66271","10.1155/2022/8943643"
"10.1038/s41467-020-14700-7","Annika Fendler","first","gse66271","10.1002/jcp.28597"
"10.1038/s41467-020-14700-7","Walter Birchmeier","last","gse66270","10.3389/fonc.2022.982426"
"10.1038/s41467-020-14700-7","Walter Birchmeier","last","gse66270","10.21037/tau-21-332"
"10.1038/s41467-020-14700-7","Walter Birchmeier","last","gse66270","10.18632/aging.202636"
"10.1038/s41467-020-14700-7","Walter Birchmeier","last","gse66270","10.1038/s41417-019-0138-2"
"10.1038/s41467-020-14700-7","Walter Birchmeier","last","gse66270","10.18632/aging.102746"
"10.1038/s41467-020-14700-7","Walter Birchmeier","last","gse66270","10.18632/aging.102540"
"10.1038/s41467-020-14700-7","Walter Birchmeier","last","gse66270","10.7717/peerj.14201"
"10.1038/s41467-020-14700-7","Walter Birchmeier","last","gse66270","10.1186/s12885-021-08525-w"
"10.1038/s41467-020-14700-7","Walter Birchmeier","last","gse66270","10.3389/fgene.2022.873884"
"10.1038/s41467-020-14700-7","Walter Birchmeier","last","gse66270","10.3389/fonc.2022.832027"
"10.1038/s41467-020-14700-7","Walter Birchmeier","last","gse66270","10.7150/ijms.36128"
"10.1038/s41467-020-14700-7","Walter Birchmeier","last","gse66270","10.3389/fgene.2020.01017"
"10.1038/s41467-020-14700-7","Walter Birchmeier","last","gse66270","10.3389/fgene.2022.902064"
"10.1038/s41467-020-14700-7","Walter Birchmeier","last","gse66270","10.3892/ol.2020.11703"
"10.1038/s41467-020-14700-7","Walter Birchmeier","last","gse66270","10.2147/cmar.s394100"
"10.1038/s41467-020-14700-7","Walter Birchmeier","last","gse66270","10.1038/s41598-022-13148-7"
"10.1038/s41467-020-14700-7","Walter Birchmeier","last","gse66270","10.1186/s12967-022-03805-w"
"10.1038/s41467-020-14700-7","Walter Birchmeier","last","gse66270","10.1038/s41419-022-04576-4"
"10.1038/s41467-020-14700-7","Walter Birchmeier","last","gse66270","10.7150/ijbs.58295"
"10.1038/s41467-020-14700-7","Walter Birchmeier","last","gse66270","10.21037/tcr-22-1488"
"10.1038/s41467-020-14700-7","Walter Birchmeier","last","gse66271","10.1002/cam4.4395"
"10.1038/s41467-020-14700-7","Walter Birchmeier","last","gse66271","10.3389/fgene.2022.902064"
"10.1038/s41467-020-14700-7","Walter Birchmeier","last","gse66271","10.7150/ijms.36128"
"10.1038/s41467-020-14700-7","Walter Birchmeier","last","gse66271","10.1186/s12885-020-07726-z"
"10.1038/s41467-020-14700-7","Walter Birchmeier","last","gse66271","10.1097/md.0000000000030270"
"10.1038/s41467-020-14700-7","Walter Birchmeier","last","gse66271","10.7717/peerj.14201"
"10.1038/s41467-020-14700-7","Walter Birchmeier","last","gse66271","10.1155/2022/8943643"
"10.1038/s41467-020-14700-7","Walter Birchmeier","last","gse66271","10.1002/jcp.28597"
"10.1038/s41592-019-0638-x","Markus Ralser","last","pxd010529","10.1016/j.patter.2020.100137"
"10.1038/s41597-019-0161-z","Mykola Kadobianskyi","first","srma00000000","10.1038/s41598-021-97600-0"
"10.1038/s41597-019-0161-z","Benjamin Judkewitz","last","srma00000000","10.1038/s41598-021-97600-0"
"10.1242/dev.201228","Spielmann Malte","last","10.17863/cam.87955","10.1038/s42255-022-00657-y"
"10.1038/s41467-020-20603-4","Vassily Trubetskoy","first","gse140686","10.18632/oncotarget.28032"
"10.1038/s41467-020-20603-4","Vassily Trubetskoy","first","gse140686","10.1155/2022/5297235"
